,judul,tanggal,link
0,[SALAH] Muammar Gaddafi Prediksi Covid-19,"Sumber: 
                     
                        facebook.com
 Tanggal publish: 04/09/2021",https://cekfakta.com/focus/7511
1,[SALAH] Obat Covid-19 Molnulpiravir Mulai Beredar September Mendatang,"Sumber: 
                    whatsapp.com                                             Tanggal publish: 03/09/2021",https://cekfakta.com/focus/7510
2,"[SALAH] Campuran Air Kelapa Muda, Jeruk Nipis, Garam, dan Madu dapat Mengobati Covid-19","Sumber: 
                    Whatsapp.com                                             Tanggal publish: 30/08/2021",https://cekfakta.com/focus/7493
3,"[SALAH] Vaksin Corona Mengandung Babi, Dapat Mengubah DNA, dan Membuat Manusia Jadi Zombie","Sumber: 
                     
                        facebook.com
 Tanggal publish: 27/08/2021",https://cekfakta.com/focus/7483
4,[SALAH] Vaksin di Gedung Gradika Bakti ditujukan untuk 18-59 Tahun,"Sumber: 
                     
                        Facebook.com 
 Tanggal publish: 24/08/2021",https://cekfakta.com/focus/7463
5,[SALAH] Pesan Berantai dari Ketua Satgas Covid-19 Dwiyono terkait Metode Menghirup Uap Air Panas untuk Membunuh Virus Corona,"Sumber: 
                    Whatsapp.com                                             Tanggal publish: 23/08/2021",https://cekfakta.com/focus/7456
6,[SALAH] Oseltamivir Obat Covid-19 Berbahaya dan Mematikan,"Sumber: 
                     
                        Twitter.com
 Tanggal publish: 20/08/2021",https://cekfakta.com/focus/7446
7,[SALAH] Informasi Vaksin Dosis 1 dan 2 16 Agustus 2021 di RSAL dr. Ramelan Surabaya,"Sumber: 
                    Whatsapp.com                                             Tanggal publish: 20/08/2021",https://cekfakta.com/focus/7444
8,[SALAH] Sertifikat Vaksin Covid-19 Bukan Syarat Administrasi,"Sumber: 
                     
                        Helo-app.com
 Tanggal publish: 20/08/2021",https://cekfakta.com/focus/7443
9,[SALAH] Covid-19 Singkatan dari Certification of Vaccination Identification Artificial Intelligence,"Sumber: 
                    Facebook                                             Tanggal publish: 16/08/2021",https://cekfakta.com/focus/7413
10,[SALAH] Tidak Boleh Mengonsumsi Makanan dan Minuman yang Mengandung Alkohol dan Soda setelah Vaksin Covid-19,"Sumber: 
                    Whatsapp.com                                             Tanggal publish: 15/08/2021",https://cekfakta.com/focus/7408
11,[SALAH] Rockefeller Foundation Telah Rencanakan Skenario Pandemi Covid-19 Sejak 2010,"Sumber: 
                     
                        facebook.com
 Tanggal publish: 14/08/2021",https://cekfakta.com/focus/7399
12,[SALAH] Suku Baduy Tidak Divaksin Covid-19,"Sumber: 
                    Facebook                                             Tanggal publish: 09/08/2021",https://cekfakta.com/focus/7382
13,"[SALAH] Vaksin Astrazeneca, Pfizer, dan Moderna Berafiliasi dengan Bluetooth kecuali Sinovac","Sumber: 
                     
                        Twitter.com 
 Tanggal publish: 09/08/2021",https://cekfakta.com/focus/7380
14,[SALAH] Covid-19 Bermutasi Menjadi Virus Baru yang Lebih Berbahaya dan Vaksinasi Timbulkan Virus Lain Dari Covid-19,"Sumber: 
                     
                        Youtube.com
 Tanggal publish: 08/08/2021",https://cekfakta.com/focus/7379
15,[SALAH] Dokumen Bank Dunia Tetapkan Covid-19 Sampai Tahun 2025,"Sumber: 
                     
                        Facebook.com
 Tanggal publish: 08/08/2021",https://cekfakta.com/focus/7377
16,"[SALAH] “Vaksin Corona Tidak Terbukti Aman dan Efektif, Coronavirus Sama seperti Flu Biasa, Ini adalah Pandemi Palsu”","Sumber: 
                     
                        facebook.com
 Tanggal publish: 07/08/2021",https://cekfakta.com/focus/7374
17,"[SALAH] Semua Pasien Positif Covid-19 di New South Wales, Australia Sudah Divaksinasi","Sumber: 
                     
                        Instagram.com
 Tanggal publish: 07/08/2021",https://cekfakta.com/focus/7372
18,[SALAH] Dukun Meninggal karena Covid-19 Setelah Menghirup Napas Pasien Covid-19,"Sumber: 
                     
                        facebook.com
 Tanggal publish: 05/08/2021",https://cekfakta.com/focus/7364
19,[SALAH] Video Sebut Bocoran Jadwal Varian Covid-19 Diluncurkan,"Sumber: 
                    Facebook                                             Tanggal publish: 04/08/2021",https://cekfakta.com/focus/7363
20,[SALAH] Jadwal Vaksinasi Massal di Royal Plaza Surabaya Tanggal 2-6 Agustus 2021,"Sumber: 
                    Flayer                                             Tanggal publish: 04/08/2021",https://cekfakta.com/focus/7361
21,[SALAH] Vaksin Covid-19 AstraZeneca Dibuat Sejak 2018,"Sumber: 
                    Facebook                                             Tanggal publish: 02/08/2021",https://cekfakta.com/focus/7357
22,[SALAH] Foto Jadwal Perilisan Varian Covid-19,"Sumber: 
                     
                        Twitter.com 
 Tanggal publish: 01/08/2021",https://cekfakta.com/focus/7354
23,[SALAH] Foto Pasangan Pria dan Wanita Memakai Masker saat Pandemi Flu Spanyol tahun 1918,"Sumber: 
                     
                        twitter.com
 Tanggal publish: 31/07/2021",https://cekfakta.com/focus/7346
24,"[SALAH] “Tanggal pembuatan vaksin adalah 2018, setahun sebelum Covid-19 melanda”","Sumber: 
                     
                        twitter.com
 Tanggal publish: 31/07/2021",https://cekfakta.com/focus/7345
25,"[SALAH] “Mobil Dinas Presiden Baru, Harga berkisar 12 M, Dibeli Tahun 2020 saat Pandemi Copid”","Sumber: 
                     
                        facebook.com
 Tanggal publish: 31/07/2021",https://cekfakta.com/focus/7343
26,[SALAH] Bantuan PPKM Rp1 Juta Bagi Pemilik Sertifikat Vaksinasi,"Sumber: 
                     
                        TikTok.com
 Tanggal publish: 30/07/2021",https://cekfakta.com/focus/7339
27,[SALAH] Daun Sungkai dapat Menangkal Covid-19,"Sumber: 
                    facebook.com                                             Tanggal publish: 29/07/2021",https://cekfakta.com/focus/7336
28,[SALAH] BNPB Membuka Donasi Kaos Oblong bagi Tenaga Medis dan Relawan Satgas Covid 19,"Sumber: 
                     
                        facebook.com
 Tanggal publish: 29/07/2021",https://cekfakta.com/focus/7335
29,[SALAH] Orang yang Pernah Terinfeksi Covid-19 Memiliki Imunitas Lebih Baik Ketimbang yang Divaksin,"Sumber: 
                     
                        twitter.com
 Tanggal publish: 28/07/2021",https://cekfakta.com/focus/7324
30,[SALAH] Air Keran Positif Covid-19,"Sumber: 
                     
                        facebook.com
 Tanggal publish: 28/07/2021",https://cekfakta.com/focus/7323
31,[SALAH] Vaksin dengan Pfizer Dapat Menularkan Virus ke Orang yang Belum Divaksin,"Sumber: 
                     
                        facebook.com
 Tanggal publish: 27/07/2021",https://cekfakta.com/focus/7322
32,[SALAH] Vaksin Mengandung Racun Berbahaya,"Sumber: 
                     
                        twitter.com
 Tanggal publish: 26/07/2021",https://cekfakta.com/focus/7318
33,[SALAH] Foto Beberapa Jenazah Covid-19 di Bekasi,"Sumber: 
                     
                        twitter.com
 Tanggal publish: 25/07/2021",https://cekfakta.com/focus/7314
34,[SALAH] Mata Jenazah Covid-19 diambil tanpa Sepengetahuan Keluarga,"Sumber: 
                     
                        facebook.com
 Tanggal publish: 25/07/2021",https://cekfakta.com/focus/7312
35,[SALAH] Video “pengurusan Covid di Indon”,"Sumber: 
                    whatsapp.com                                             Tanggal publish: 24/07/2021",https://cekfakta.com/focus/7310
36,[SALAH] Foto Suasana Demo Anti-Vaksin di Prancis,"Sumber: 
                     
                        twitter.com
 Tanggal publish: 23/07/2021",https://cekfakta.com/focus/7305
37,"[SALAH] Ketentuan Baru, Mau Buat KTP Harus Punya Sertifikat Vaksin","Sumber: 
                     
                        facebook.com
 Tanggal publish: 23/07/2021",https://cekfakta.com/focus/7297
38,[SALAH] Barcode pada Vaksin Covid-19 Mengontrol Manusia Sampai Mati,"Sumber: 
                    Facebook                                             Tanggal publish: 23/07/2021",https://cekfakta.com/focus/7292
39,[SALAH] Bawang Putih Bisa Keluarkan Cairan di Paru-paru Akibat Covid-19,"Sumber: 
                    WhatsApp                                             Tanggal publish: 21/07/2021",https://cekfakta.com/focus/7285
40,"[SALAH] Singapura Negara Pertama yang Lakukan Otopsi Jenazah Covid-19, Sumber Kemenkes Singapura","Sumber: 
                     
                        facebook.com
 Tanggal publish: 20/07/2021",https://cekfakta.com/focus/7281
41,[SALAH] Imbauan Lepas Masker Mulai Rabu 21 Juli 2021 oleh Bupati Jember,"Sumber: 
                     
                        facebook.com
 Tanggal publish: 20/07/2021",https://cekfakta.com/focus/7278
42,[SALAH] “Semangkin Gawat Indonesia sekarang ini! Banyaknya Rumah Sakit Penerima Vaksin Palsu!”,"Sumber: 
                     
                        facebook.com
 Tanggal publish: 19/07/2021",https://cekfakta.com/focus/7272
43,[SALAH] Nilai CT Pada Tes PCR Menentukan Kesembuhan Pasien Covid-19,"Sumber: 
                    whatsapp.com                                             Tanggal publish: 19/07/2021",https://cekfakta.com/focus/7271
44,[SALAH] Banyaknya Varian Covid-19 Muncul Setelah Vaksinasi Dilakukan,"Sumber: 
                     
                        twitter.com
 Tanggal publish: 19/07/2021",https://cekfakta.com/focus/7269
45,[SALAH] Labu Kuning Kukus Dapat Sembuhkan Covid-19,"Sumber: 
                     
                        whatsapp.com
 Tanggal publish: 19/07/2021",https://cekfakta.com/focus/7268
46,[SALAH] Kurir Tetap Bekerja Meski Terpapar Covid-19,"Sumber: 
                    WhatsApp                                             Tanggal publish: 19/07/2021",https://cekfakta.com/focus/7265
47,[SALAH] Foto Ajakan untuk Stop Upload Berita Covid-19 oleh Pemerintah Kabupaten Gresik,"Sumber: 
                    whatsapp.com                                             Tanggal publish: 18/07/2021",https://cekfakta.com/focus/7264
48,[SALAH] Video “Potensi Bahaya Vaksin COVID-19”,"Sumber: 
                     
                        facebook.com
 Tanggal publish: 17/07/2021",https://cekfakta.com/focus/7260
49,[SALAH] Air Keran Dapat Positif Covid-19 Setelah Ditest Menggunakan Device Rapid Test Antigen,"Sumber: 
                     
                        facebook.com
 Tanggal publish: 17/07/2021",https://cekfakta.com/focus/7256
50,[SALAH] Daun Teh Pinus Putih hentikan bahaya Vaksin Covid-19,"Sumber: 
                     
                        Instagram.com
 Tanggal publish: 17/07/2021",https://cekfakta.com/focus/7255
51,[SALAH] Detektor Radiasi Elektromagnetik dapat Mendeteksi Radiasi dari Vaksin Covid-19,"Sumber: 
                     
                        facebook.com
 Tanggal publish: 14/07/2021",https://cekfakta.com/focus/7230
52,[SALAH] Video Akting Plandemi Jenazah Pasien Covid-19 dapat Bergerak,"Sumber: 
                     
                        facebook.com
 Tanggal publish: 13/07/2021",https://cekfakta.com/focus/7227
53,"[SALAH] Racikan Air Kelapa Muda, Jeruk Nipis, Garam, dan Madu dapat Membunuh Virus Covid-19","Sumber: 
                    whatsapp.com                                             Tanggal publish: 12/07/2021",https://cekfakta.com/focus/7225
54,[SALAH] FDA Amerika Sebut Invermectin Dapat Digunakan Untuk Sembuhkan Covid-19,"Sumber: 
                     
                        whatsapp.com
 Tanggal publish: 12/07/2021",https://cekfakta.com/focus/7223
55,[SALAH] Air Rebusan Bawang Putih Dapat Menyembuhkan Covid,"Sumber: 
                    whatsapp.com                                             Tanggal publish: 10/07/2021",https://cekfakta.com/focus/7213
56,[SALAH] “Varian baru Covid-19 tidak lain dari infeksi protein spike dari vaksin”,"Sumber: 
                     
                        twitter.com
 Tanggal publish: 09/07/2021",https://cekfakta.com/focus/7211
57,"[SALAH] Campuran Air Panas dan Lemon, Rahasia Vietnam Tak Alami Kasus Kematian Akibat Covid-19","Sumber: 
                    whatsapp.com                                             Tanggal publish: 09/07/2021",https://cekfakta.com/focus/7207
58,[SALAH] Per 1 Juli 2021 Mengurus SIM dan SKCK Membutuhkan Sertifikat Vaksin Covid,"Sumber: 
                     
                        facebook.com
 Tanggal publish: 04/07/2021",https://cekfakta.com/focus/7192
59,[SALAH] CT Value Sebagai Penentu Kesembuhan Pasien Covid-19,"Sumber: 
                    Facebook                                             Tanggal publish: 02/07/2021",https://cekfakta.com/focus/7182
60,[SALAH] Insentif Tenaga Kesehatan Selama Pandemi Covid-19 Dihentikan Pemerintah Pusat,"Sumber: 
                    WhatsApp                                             Tanggal publish: 02/07/2021",https://cekfakta.com/focus/7181
61,[SALAH] Foto Daftar Obat Dari RS Yang Bisa Digunakan Sendiri oleh Pasien Covid-19,"Sumber: 
                    Tangkapan Layar                                             Tanggal publish: 02/07/2021",https://cekfakta.com/focus/7178
62,"Sebuah artikel online membagikan dokumen rahasia yang bocor dan disandingkan dengan sebuah informasi yang mengklaim bahwa Perusahaan Biofarmasi Moderna, Inc mengembangkan Vaksin Covid-19 sebelum munculnya Covid-19.","Sumber: 
                     
                        artikel online
 Tanggal publish: 02/07/2021",https://cekfakta.com/focus/7177
63,[SALAH] WHO Tetapkan Indonesia Sebagai Negara High Risk Covid-19,"Sumber: 
                    WhatsApp                                             Tanggal publish: 29/06/2021",https://cekfakta.com/focus/7163
64,[SALAH] Daftar Obat dari RS yang Bisa Digunakan Sendiri oleh Pasien Covid-19,"Sumber: 
                    WhatsApp                                             Tanggal publish: 29/06/2021",https://cekfakta.com/focus/7162
65,[SALAH] Anies Baswedan Hanya Mengurusi Asbak dan Tidak Mengurusi Covid di Jakarta,"Sumber: 
                     
                        twitter.com
 Tanggal publish: 27/06/2021",https://cekfakta.com/focus/7146
66,[SALAH] Covid-19 Tidak Mematikan,"Sumber: 
                     
                        facebook.com
 Tanggal publish: 26/06/2021",https://cekfakta.com/focus/7144
67,[SALAH] Razia Masker Di Seluruh Indonesia Dengan Denda 250 Ribu,"Sumber: 
                    facebook.com                                             Tanggal publish: 26/06/2021",https://cekfakta.com/focus/7141
68,[SALAH] Resep Obat Untuk Pasien Covid-19,"Sumber: 
                    whatsapp.com                                             Tanggal publish: 25/06/2021",https://cekfakta.com/focus/7138
69,"[SALAH] Jateng Membludak, Media TV Hanya Liput Covid-19 di DKI Jakarta","Sumber: 
                     
                        facebook.com
 Tanggal publish: 24/06/2021",https://cekfakta.com/focus/7137
70,[SALAH] Vaksinasi Massal Gratis 22 Juni 2021 di Kota Bogor untuk Umum 18 Tahun Ke Atas,"Sumber: 
                    whatsapp.com                                             Tanggal publish: 24/06/2021",https://cekfakta.com/focus/7135
71,[SALAH] Konsumsi Nigella Oil Menghilangkan Pendarahan di Tenggorokan Orang yang Terdampak Covid,"Sumber: 
                     
                        facebook.com
 Tanggal publish: 24/06/2021",https://cekfakta.com/focus/7134
72,"[SALAH] “Pemkot Pekanbaru, Riau menarik vaksin Covid-19 karena keampuhan vaksin masih tarik ulur”","Sumber: 
                     
                        facebook.com
 Tanggal publish: 17/06/2021",https://cekfakta.com/focus/7099
73,[SALAH] Vaksinasi Sebabkan Varian Baru COVID-19,"Sumber: 
                     
                        twitter.com
 Tanggal publish: 16/06/2021",https://cekfakta.com/focus/7096
74,[SALAH] Pemberian Obat Bius usai Vaksinasi Covid-19 Bisa Akibatkan Kematian,"Sumber: 
                    WhatsApp                                             Tanggal publish: 15/06/2021",https://cekfakta.com/focus/7088
75,[SALAH] Video “Eric Tohir Sangat Terbuka Menjelaskan Tentang Chip yang Ada dalam Vaksin Covid-19”,"Sumber: 
                     
                        twitter.com
 Tanggal publish: 11/06/2021",https://cekfakta.com/focus/7075
76,[SALAH] Razia Masker di Seluruh Indonesia mengerahkan Lintas Sektor,"Sumber: 
                    whatsapp.com                                             Tanggal publish: 08/06/2021",https://cekfakta.com/focus/7062
77,[SALAH] Bahaya Donor Darah Dari Orang yang Sudah Divaksin Covid-19,"Sumber: 
                     
                        facebook.com
 Tanggal publish: 04/06/2021",https://cekfakta.com/focus/7040
78,[SALAH] Video 450 Kantong Jenazah Covid-19 Berisikan Kertas,"Sumber: 
                     
                        facebook.com
 Tanggal publish: 04/06/2021",https://cekfakta.com/focus/7039
79,[SALAH] Menerima Donor Darah dari Orang yang Sudah di Vaksinasi Covid-19 Berbahaya,"Sumber: 
                     
                        facebook.com
 Tanggal publish: 04/06/2021",https://cekfakta.com/focus/7038
80,[SALAH] Suntikan Vaksin Kosong di Indonesia,"Sumber: 
                     
                        instagram.com
 Tanggal publish: 31/05/2021",https://cekfakta.com/focus/7018
81,"[SALAH] Campuran Air Kelapa Muda, Jeruk Nipis dan Garam dapat Menyembuhkan Covid-19","Sumber: 
                    whatsapp.com                                             Tanggal publish: 30/05/2021",https://cekfakta.com/focus/7013
82,[SALAH] Memakan Bawang Merah dan Meneteskan Air Perasan Lemon ke Hidung Dapat Mengobati Covid-19,"Sumber: 
                     
                        facebook.com
 Tanggal publish: 23/05/2021",https://cekfakta.com/focus/6978
83,[SALAH] Gejala Baru pada Virus Corona Covid-19 yang Bermutasi,"Sumber: 
                    Facebook                                             Tanggal publish: 22/05/2021",https://cekfakta.com/focus/6972
84,[SALAH] Vaksin Covid-19 Mengandung Microchip Magnetik,"Sumber: 
                     
                        Instagram.com
 Tanggal publish: 21/05/2021",https://cekfakta.com/focus/6962
85,[SALAH] Obat dan Bahan Herbal Mencegah Covid,"Sumber: 
                    whatsapp.com                                             Tanggal publish: 20/05/2021",https://cekfakta.com/focus/6955
86,[SALAH] Magnet Bisa Menempel pada Lengan Orang yang Sudah Divaksin Covid-19,"Sumber: 
                    Facebook                                             Tanggal publish: 20/05/2021",https://cekfakta.com/focus/6953
87,[SALAH] Video Pernyataan “Netanyahu Akan Membunuh Muslim dengan Vaksin”,"Sumber: 
                     
                        facebook.com
 Tanggal publish: 14/05/2021",https://cekfakta.com/focus/6923
88,[SALAH] Vaksin Covid-19 Beresiko Tinggi Bagi Perempuan yang Sedang Menstruasi,"Sumber: 
                     
                        facebook.com
 Tanggal publish: 14/05/2021",https://cekfakta.com/focus/6922
89,"[SALAH] Indonesia berduka, 10 Dokter meninggal pada hari yang sama akibat terinfeksi Covid-19","Sumber: 
                    whatsapp.com                                             Tanggal publish: 11/05/2021",https://cekfakta.com/focus/6906
90,[SALAH] Foto “Kremasi massal saat melonjaknya jumlah kasus infeksi Covid-19 India”,"Sumber: 
                     
                        twitter.com
 Tanggal publish: 04/05/2021",https://cekfakta.com/focus/6864
91,[SALAH] Pesan Berantai Mengatasnamakan Satgas Covid-19 Pusat,"Sumber: 
                    Facebook                                             Tanggal publish: 03/05/2021",https://cekfakta.com/focus/6861
92,"[SALAH] Covid-19 Adalah Bakteri yang Terpapar Radiasi, Sumber: Kementerian Kesehatan Rusia","Sumber: 
                    whatsapp.com                                             Tanggal publish: 03/05/2021",https://cekfakta.com/focus/6858
93,[SALAH] Video “Seseorang yang wafat karena terinfeksi virus Covid-19 mempercayakan teman baiknya untuk membuang uangnya di Times Square di New York”,"Sumber: 
                     
                        facebook.com
 Tanggal publish: 02/05/2021",https://cekfakta.com/focus/6849
94,[SALAH] Vaksin Covid-19 Pfizer Bakal Ditambah Chip Microsoft untuk Kurangi Gejala,"Sumber: 
                    Facebook                                             Tanggal publish: 27/04/2021",https://cekfakta.com/focus/6815
95,[SALAH] Foto Seorang Lansia Menggunakan Alat Bantu Pernapasan di Jalan karena Kasus Covid-19 di India Meningkat Drastis,"Sumber: 
                     
                        twitter.com
 Tanggal publish: 25/04/2021",https://cekfakta.com/focus/6803
96,[SALAH] Ketua DPRD Mimika Meninggal Akibat Vaksin,"Sumber: 
                    facebook.com                                             Tanggal publish: 24/04/2021",https://cekfakta.com/focus/6797
97,[SALAH] Foto Seorang Anak Memberikan Masker Gratis Kepada Warga Tidak Mampu,"Sumber: 
                     
                        facebook.com
 Tanggal publish: 23/04/2021",https://cekfakta.com/focus/6785
98,[SALAH] Makan Bawang Mentah dan Garam bisa Ubah Positif Covid-19 Menjadi Negatif setelah 15 Menit,"Sumber: 
                     
                        twitter.com
 Tanggal publish: 21/04/2021",https://cekfakta.com/focus/6768
99,"[SALAH] Kenaikan Limfosit Usai Vaksin, Sebabkan Kematian","Sumber: 
                     
                        instagram.com
 Tanggal publish: 21/04/2021",https://cekfakta.com/focus/6765
100,[SALAH] Video Membuang Uang di Times Square untuk Teman Baiknya yang Meninggal karena Covid-19,"Sumber: 
                     
                        facebook.com
 Tanggal publish: 20/04/2021",https://cekfakta.com/focus/6756
101,[SALAH] Video Seorang Kakek Ditahan Karena Tidak Memakai Masker Setelah Vaksinasi,"Sumber: 
                     
                        instagram.com
 Tanggal publish: 19/04/2021",https://cekfakta.com/focus/6748
102,[SALAH] Seluruh Hewan Percobaan Vaksin Covid-19 Terbukti Mati Karena Suntik Vaksin,"Sumber: 
                     
                        Media
 Tanggal publish: 19/04/2021",https://cekfakta.com/focus/6743
103,[SALAH] Tim Vaksinasi GSP Cari Data Penerima Vaksin,"Sumber: 
                    whatsapp.com                                             Tanggal publish: 19/04/2021",https://cekfakta.com/focus/6741
104,"[SALAH] Positif Covid Disebabkan oleh Kekurangan Vitamin, Bukan oleh Virus","Sumber: 
                     
                        twitter.com
 Tanggal publish: 16/04/2021",https://cekfakta.com/focus/6725
105,[SALAH] Kota Tarakan Kalimantan Utara Bebas Covid-19,"Sumber: 
                     
                        facebook.com
 Tanggal publish: 15/04/2021",https://cekfakta.com/focus/6718
106,[SALAH] Pentagon Ciptakan Mikrochip Deteksi Covid-19,"Sumber: 
                    Facebook                                             Tanggal publish: 15/04/2021",https://cekfakta.com/focus/6715
107,[SALAH] “Korban Vaksin Lagi. Kini anggota Brimob di Maluku”,"Sumber: 
                     
                        twitter.com
 Tanggal publish: 13/04/2021",https://cekfakta.com/focus/6695
108,[SALAH] Pemerintah Inggris Menurunkan Status Covid-19 Karena Covid-19 Bisa Sembuh dengan Paracetamol,"Sumber: 
                    whatsapp.com                                             Tanggal publish: 13/04/2021",https://cekfakta.com/focus/6694
109,[SALAH] Penggunaan Masker dapat Menyebabkan Kematian Akibat Covid-19,"Sumber: 
                     
                        facebook.com
 Tanggal publish: 11/04/2021",https://cekfakta.com/focus/6686
110,[SALAH] “Masker impor china ada cacing atau ulat”,"Sumber: 
                     
                        Youtube.com
 Tanggal publish: 08/04/2021",https://cekfakta.com/focus/6677
111,[SALAH] Muhammadiyah Larang Masyarakat dengan KTP Non-Islam Ikut Vaksin,"Sumber: 
                     
                        facebook.com
 Tanggal publish: 08/04/2021",https://cekfakta.com/focus/6675
112,[SALAH] Vaksin Covid-19 Pfizer Dijual Online di Malaysia,"Sumber: 
                    WhatsApp                                             Tanggal publish: 08/04/2021",https://cekfakta.com/focus/6674
113,[SALAH] Cacing dalam Masker Impor dari China,"Sumber: 
                    YouTube                                             Tanggal publish: 08/04/2021",https://cekfakta.com/focus/6673
114,[SALAH] Vaksin Melemahkan Kekuatan TNI,"Sumber: 
                     
                        Instagram.com
 Tanggal publish: 08/04/2021",https://cekfakta.com/focus/6668
115,[SALAH] Website Portal Vaksin Covid-19 “corporate-realty.co”,"Sumber: 
                    Tangkapan Layar                                             Tanggal publish: 06/04/2021",https://cekfakta.com/focus/6653
116,[SALAH] Vaksin Covid-19 Merusak Sel Otak dan Sel Darah,"Sumber: 
                     
                        facebook.com
 Tanggal publish: 06/04/2021",https://cekfakta.com/focus/6651
117,[SALAH] Vaksin Bisa Merusak Sel Darah dan Sel Otak,"Sumber: 
                    Facebook                                             Tanggal publish: 05/04/2021",https://cekfakta.com/focus/6645
118,[SALAH] Postingan Terkait Antibodi dan Covid-19 dari Dekan IPB,"Sumber: 
                    Facebook                                             Tanggal publish: 31/03/2021",https://cekfakta.com/focus/6624
119,[SALAH] Bantuan Penanganan Covid-19 untuk Pondok Pesantren dan Panti Asuhan oleh Wakil Ketua DPRD Pasuruan,"Sumber: 
                    whatsapp.com                                             Tanggal publish: 31/03/2021",https://cekfakta.com/focus/6614
120,"[SALAH] Khawatir Tim Medis Lupa Jenis Vaksin yang Diberikan, Sertifikat Vaksin Harus Disimpan","Sumber: 
                     
                        facebook.com
 Tanggal publish: 30/03/2021",https://cekfakta.com/focus/6608
121,[SALAH] “setelah vaksin Covid-19 selama 5 bulan tak boleh minum yg mengandung alkohol”,"Sumber: 
                    whatsapp.com                                             Tanggal publish: 28/03/2021",https://cekfakta.com/focus/6596
122,[SALAH] Guru di Garut Lumpuh Usai Divaksin Covid-19,"Sumber: 
                    WhatsApp                                             Tanggal publish: 26/03/2021",https://cekfakta.com/focus/6593
123,[SALAH] Dilarang Mengonsumsi Tape Singkong Usai Divaksin Covid-19,"Sumber: 
                    WhatsApp                                             Tanggal publish: 26/03/2021",https://cekfakta.com/focus/6592
124,"[SALAH] Vaksin Berbasis mRna, Dapat Menyebabkan Kanker","Sumber: 
                     
                        artikel
 Tanggal publish: 25/03/2021",https://cekfakta.com/focus/6590
125,[SALAH] Tentara Angkatan Laut Australia Mengalami Efek Samping Parah setelah Divaksin Covid-19,"Sumber: 
                     
                        facebook.com
 Tanggal publish: 23/03/2021",https://cekfakta.com/focus/6577
126,[SALAH] Pengumuman Jadwal Vaksinasi untuk Umum di Wilayah Jawa Barat Maret 2021 oleh Gubernur,"Sumber: 
                    whatsapp.com                                             Tanggal publish: 22/03/2021",https://cekfakta.com/focus/6561
127,[SALAH] Vaksin Covid-19 Sirup untuk yang Takut Disuntik,"Sumber: 
                    Facebook                                             Tanggal publish: 22/03/2021",https://cekfakta.com/focus/6560
128,[SALAH] 17 Negara Melarang Penyebaran Vaksin AstraZeneca,"Sumber: 
                     
                        facebook.com
 Tanggal publish: 21/03/2021",https://cekfakta.com/focus/6551
129,[SALAH] Foto Botol Vaksin Kadrun,"Sumber: 
                    Facebook                                             Tanggal publish: 20/03/2021",https://cekfakta.com/focus/6550
130,[SALAH] Pesan Berantai Berisi Grafik Kadar Antibodi usai Divaksin Covid-19,"Sumber: 
                    WhatsApp                                             Tanggal publish: 19/03/2021",https://cekfakta.com/focus/6547
131,[SALAH] Pesan Berantai Informasi Vaksin Covid-19 Paling Aman dari Artikel New York Times,"Sumber: 
                    WhatsApp                                             Tanggal publish: 18/03/2021",https://cekfakta.com/focus/6542
132,[SALAH] Tidak Ada Kasus Covid-19 di Bhutan karena Penduduknya Vegetarian,"Sumber: 
                     
                        facebook.com
 Tanggal publish: 16/03/2021",https://cekfakta.com/focus/6535
133,[SALAH] Vaksin Sinovac Kadaluwarsa 25 Maret 2021 dan Dibuat Sebelum Pandemi,"Sumber: 
                     
                        twitter.com
 Tanggal publish: 16/03/2021",https://cekfakta.com/focus/6534
134,[SALAH] Vaksinasi Covid-19 untuk Warga Non DKI Jakarta di Istora Senayan,"Sumber: 
                     
                        facebook.com
 Tanggal publish: 14/03/2021",https://cekfakta.com/focus/6525
135,"[SALAH] “Vaksin Sinovac, Vaksin yg sebenarnya di peruntukkan untuk ayam”","Sumber: 
                     
                        facebook.com
 Tanggal publish: 13/03/2021",https://cekfakta.com/focus/6514
136,[SALAH] Rusia Menemukan bahwa Covid-19 Tidak Disebabkan oleh Virus,"Sumber: 
                     
                        facebook.com
 Tanggal publish: 12/03/2021",https://cekfakta.com/focus/6513
137,[SALAH] Rebusan Daun Jambu Biji Dicampur Cuka Bisa Bunuh Virus Covid-19,"Sumber: 
                    Twitter                                             Tanggal publish: 12/03/2021",https://cekfakta.com/focus/6512
138,[SALAH] Sentra Vaksinasi Covid-19 Istora Senayan Terbuka untuk Semua Pemegang KTP,"Sumber: 
                    WhatsApp                                             Tanggal publish: 12/03/2021",https://cekfakta.com/focus/6511
139,"[SALAH] Bio Farma Mengadakan Vaksinasi Covid-19 pada Jumat, 12 Maret 2021","Sumber: 
                    whatsapp.com                                             Tanggal publish: 12/03/2021",https://cekfakta.com/focus/6504
140,[SALAH] Vaksin Sinovac berisikan Virus Hidup yang dilemahkan serta mengandung Sel Vero dan Bahan-Bahan Berbahaya,"Sumber: 
                     
                        facebook.com
 Tanggal publish: 11/03/2021",https://cekfakta.com/focus/6499
141,[SALAH] Video “Vaksinasi di.mall T.Anggrek”,"Sumber: 
                     
                        facebook.com
 Tanggal publish: 11/03/2021",https://cekfakta.com/focus/6498
142,[SALAH] Banyak Data Orang Meninggal Dunia Akibat Vaksin Covid-19,"Sumber: 
                    Facebook                                             Tanggal publish: 08/03/2021",https://cekfakta.com/focus/6486
143,[SALAH] Pesan Berantai Video “Potensi Bahaya Vaksin COVID-19”,"Sumber: 
                    whatsapp.com                                             Tanggal publish: 07/03/2021",https://cekfakta.com/focus/6485
144,[SALAH] Uap Panas Hasil Rebusan Daun Jambu dapat Mengobati Covid-19,"Sumber: 
                     
                        facebook.com
 Tanggal publish: 07/03/2021",https://cekfakta.com/focus/6483
145,[SALAH] Vaksin Moderna Dirancang untuk Mengubah DNA Manusia,"Sumber: 
                     
                        facebook.com
 Tanggal publish: 07/03/2021",https://cekfakta.com/focus/6481
146,[SALAH] Pemberian Vaksin Covid-19 oleh Badan Litbangkes,"Sumber: 
                    Tangkapan layar                                             Tanggal publish: 06/03/2021",https://cekfakta.com/focus/6477
147,[SALAH] “kenapa semua nya meninggal dengan ciri ciri penyebab yg sama seperti korban vaksin Covid-19 lain di luar negeri”,"Sumber: 
                     
                        facebook.com
 Tanggal publish: 05/03/2021",https://cekfakta.com/focus/6476
148,[SALAH] Vaksinasi di PPSDMK Cukup Bawa KTP Sebagai Syarat,"Sumber: 
                    whatsapp.com                                             Tanggal publish: 03/03/2021",https://cekfakta.com/focus/6466
149,[SALAH] Vaksin Covid-19 Bisa Bikin Wanita Mandul,"Sumber: 
                    Twitter                                             Tanggal publish: 02/03/2021",https://cekfakta.com/focus/6457
150,[SALAH] Akun WhatsApp Juru Bicara Vaksinasi Covid-19 Meminta Sejumlah Dana,"Sumber: 
                    whatsapp.com                                             Tanggal publish: 27/02/2021",https://cekfakta.com/focus/6438
151,[SALAH] Demonstrasi Memprotes Kebijakan Covid-19 di Romania,"Sumber: 
                     
                        facebook.com
 Tanggal publish: 26/02/2021",https://cekfakta.com/focus/6431
152,[SALAH] Pakai Masker Wajah Sebabkan Bakteri Pneumonia,"Sumber: 
                    Facebook                                             Tanggal publish: 25/02/2021",https://cekfakta.com/focus/6429
153,[SALAH] Memakai Masker Secara Terus Menerus Akan Menyebabkan Kanker Paru-Paru,"Sumber: 
                     
                        facebook.com
 Tanggal publish: 25/02/2021",https://cekfakta.com/focus/6426
154,[SALAH] Foto Efek Samping Yang Dialami Setelah Vaksinasi Moderna Covid-19,"Sumber: 
                     
                        facebook.com
 Tanggal publish: 24/02/2021",https://cekfakta.com/focus/6417
155,[SALAH] Pernyataan Ketua Satgas Covid terkait Hirup Uap Air Panas Membunuh Virus Corona,"Sumber: 
                    whatsapp.com                                             Tanggal publish: 23/02/2021",https://cekfakta.com/focus/6405
156,"[SALAH] “TERKUAK, Ternyata Jemaah Haji Indonesia Ditolak Bukan Karena Covid 19”","Sumber: 
                     
                        artikel
 Tanggal publish: 18/02/2021",https://cekfakta.com/focus/6364
157,[SALAH] Jambu Kristal Putih Dapat Menangkal Covid-19,"Sumber: 
                     
                        facebook.com
 Tanggal publish: 17/02/2021",https://cekfakta.com/focus/6361
158,"[SALAH] “Covid-19 BUKAN Virus, Sumber : Kementerian Kesehatan Italy”","Sumber: 
                    Whatsapp.com                                             Tanggal publish: 14/02/2021",https://cekfakta.com/focus/6344
159,[SALAH] Kondisi Seorang Remaja Perempuan Setelah Vaksinasi Covid-19,"Sumber: 
                     
                        Media Online
 Tanggal publish: 12/02/2021",https://cekfakta.com/focus/6337
160,[SALAH] Vietnam Tanpa Kasus Kematian Akibat Covid-19 karena Campuran Teh Panas dan Lemon,"Sumber: 
                     
                        facebook.com
 Tanggal publish: 12/02/2021",https://cekfakta.com/focus/6326
161,[SALAH] Kematian Ustadz Maaher akibat Disuntik Vaksin,"Sumber: 
                     
                        facebook.com
 Tanggal publish: 11/02/2021",https://cekfakta.com/focus/6322
162,[SALAH] Dokter Italia Temukan Penyebab Covid-19 dari Bakteri Terpapar 5G,"Sumber: 
                    WhatsApp                                             Tanggal publish: 11/02/2021",https://cekfakta.com/focus/6321
163,[SALAH] Minum Air Hangat 4 Kali Sehari Dapat Menyembuhkan Covid-19,"Sumber: 
                     
                        facebook.com
 Tanggal publish: 10/02/2021",https://cekfakta.com/focus/6315
164,[SALAH] Vietnam Tanpa Kasus Kematian Covid-19 karena Minum Teh Panas Dicampur Lemon,"Sumber: 
                    Facebook                                             Tanggal publish: 09/02/2021",https://cekfakta.com/focus/6307
165,[SALAH] Video Tata Cara Hilangkan Covid-19 Saat Isolasi Mandiri di Rumah,"Sumber: 
                    WhatsApp                                             Tanggal publish: 09/02/2021",https://cekfakta.com/focus/6306
166,"[SALAH] “SETAHUN Koma di Rumah Sakit, Begitu Siuman Pria Ini Syok Orang-orang Tercinta Meninggal karena Covid”","Sumber: 
                     
                        facebook.com
 Tanggal publish: 09/02/2021",https://cekfakta.com/focus/6305
167,[SALAH] Yahya Waloni Menuai Balasan dari Ucapannya yang Menantang Covid-19 dan Enggan Menggunakan Masker,"Sumber: 
                     
                        facebook.com
 Tanggal publish: 07/02/2021",https://cekfakta.com/focus/6276
168,[SALAH] Obat Klorin Dioksida Temuan Prof Dr Richard Claproth Dapat Menyembuhkan Covid-19,"Sumber: 
                     
                        facebook.com
 Tanggal publish: 07/02/2021",https://cekfakta.com/focus/6275
169,[SALAH] Video Air Rebusan Belimbing Wuluh Dapat Mencegah dan Menyembuhkan Covid-19,"Sumber: 
                     
                        facebook.com
 Tanggal publish: 06/02/2021",https://cekfakta.com/focus/6272
170,[SALAH] Tanzania Terbebas dari Covid-19,"Sumber: 
                    Facebook                                             Tanggal publish: 05/02/2021",https://cekfakta.com/focus/6266
171,[SALAH] Ramuan Penangkal Covid-19 oleh Kemenkes,"Sumber: 
                     
                        facebook.com
 Tanggal publish: 05/02/2021",https://cekfakta.com/focus/6262
172,[SALAH] Air Rebusan Belimbing Bisa Cegah dan Sembuhkan Covid-19,"Sumber: 
                    Facebook                                             Tanggal publish: 04/02/2021",https://cekfakta.com/focus/6257
173,[SALAH] Menteri Kesehatan Thailand Menangis Saat Mendapat Vaksin Covid-19,"Sumber: 
                     
                        facebook.com
 Tanggal publish: 03/02/2021",https://cekfakta.com/focus/6252
174,[SALAH] Bantuan Covid-19 untuk Pemilik SIM A dan C oleh Asuransi Jasa Raharja,"Sumber: 
                     
                        facebook.com
 Tanggal publish: 03/02/2021",https://cekfakta.com/focus/6251
175,[SALAH] “Gereja Haramkan Vaksin kok MUI Halalkan Vaksin?”,"Sumber: 
                     
                        facebook.com
 Tanggal publish: 31/01/2021",https://cekfakta.com/focus/6221
176,[SALAH] Lianhua Qingwen Dapat Digunakan Sebagai Obat Covid-19,"Sumber: 
                     
                        facebook.com
 Tanggal publish: 29/01/2021",https://cekfakta.com/focus/6212
177,[SALAH] Nomor Palsu Satgas Covid-19 Beredar di Whatsapp,"Sumber: 
                    whatsapp.com                                             Tanggal publish: 28/01/2021",https://cekfakta.com/focus/6208
178,[SALAH] Legenda Bisbol AS Hank Aaron Meninggal Dunia Usai Disuntik Vaksin Covid-19,"Sumber: 
                    Facebook                                             Tanggal publish: 27/01/2021",https://cekfakta.com/focus/6203
179,[SALAH] Kumham Hapus Sanksi Pidana setelah Anak Buah Megawati Tolak Vaksin,"Sumber: 
                     
                        facebook.com
 Tanggal publish: 26/01/2021",https://cekfakta.com/focus/6200
180,"[SALAH] Karena Disuntik Vaksin, Dokter di Palembang Meninggal","Sumber: 
                     
                        facebook.com
 Tanggal publish: 25/01/2021",https://cekfakta.com/focus/6193
181,[SALAH] Indonesia Tidak Dapat Menggugat Jika Vaksin Bermasalah,"Sumber: 
                     
                        facebook.com
 Tanggal publish: 23/01/2021",https://cekfakta.com/focus/6182
182,[SALAH] Ketua BPOM Ditekan dan Diancam Untuk Keluarkan Vaksin Sinovac,"Sumber: 
                     
                        Youtube.com
 Tanggal publish: 23/01/2021",https://cekfakta.com/focus/6178
183,[SALAH] Dokter di Palembang Meninggal Dunia Usai Disuntik Covid-19,"Sumber: 
                     
                        Facebook
 Tanggal publish: 23/01/2021",https://cekfakta.com/focus/6177
184,[SALAH] Tangkapan Layar Video CNN Memberitakan Rakyat akan dibunuh oleh Vaksin dari Tiongkok,"Sumber: 
                     
                        facebook.com
 Tanggal publish: 21/01/2021",https://cekfakta.com/focus/6166
185,[SALAH] Diagram Chip 5G pada Vaksin Covid-19,"Sumber: 
                     
                        twitter.com
 Tanggal publish: 21/01/2021",https://cekfakta.com/focus/6165
186,[SALAH] Obat COVID-19 Dexamethasone Lebih Murah dari Harga Vaksin COVID-19,"Sumber: 
                     
                        twitter.com
 Tanggal publish: 21/01/2021",https://cekfakta.com/focus/6163
187,[SALAH] Razia Masker Serentak di Seluruh Indonesia Dengan Denda Rp250 Ribu,"Sumber: 
                    whatsapp.com                                             Tanggal publish: 21/01/2021",https://cekfakta.com/focus/6161
188,[SALAH] Penjelasan Erick Thohir Terkait Chip COVID-19 dalam Vaksin Dapat Mengontrol Manusia Seumur Hidup,"Sumber: 
                    twitter.com                                             Tanggal publish: 21/01/2021",https://cekfakta.com/focus/6155
189,[SALAH] “5 cara utk meningkatkan ANTI BODY” dari Regu Pembasmi Covid-19,"Sumber: 
                     
                        facebook.com
 Tanggal publish: 20/01/2021",https://cekfakta.com/focus/6151
190,[SALAH] Video Korban Bergelimpangan Setelah Disuntik Vaksin Sinovac,"Sumber: 
                    Facebook                                             Tanggal publish: 20/01/2021",https://cekfakta.com/focus/6148
191,[SALAH] Video Bill Gates Rapat dengan CIA Mengenai Vaksin Pada Tahun 2005,"Sumber: 
                     
                        facebook.com
 Tanggal publish: 20/01/2021",https://cekfakta.com/focus/6143
192,[SALAH] Video Puluhan Santri Pingsan Setelah Vaksin Covid-19 Sinovac,"Sumber: 
                     
                        facebook.com
 Tanggal publish: 19/01/2021",https://cekfakta.com/focus/6142
193,[SALAH] Singapura Hentikan Vaksinasi Setelah 48 Orang Meninggal di Negaranya,"Sumber: 
                     
                        twitter.com
 Tanggal publish: 19/01/2021",https://cekfakta.com/focus/6141
194,[SALAH] Vaksin Sinovac di Indonesia Dipasang Chip,"Sumber: 
                    Facebook                                             Tanggal publish: 19/01/2021",https://cekfakta.com/focus/6137
195,[SALAH] “Vaksin covid-19 itu telah bermutasi menjadi ribuan covid-19 baru di seluruh dunia”,"Sumber: 
                     
                        facebook.com
 Tanggal publish: 18/01/2021",https://cekfakta.com/focus/6128
196,[SALAH] Pembagian Masker Gratis Dicampur Obat Bius,"Sumber: 
                     
                        facebook.com
 Tanggal publish: 18/01/2021",https://cekfakta.com/focus/6127
197,"[SALAH] Jokowi Bukan Disuntik Vaksin, Melainkan Suntik Vitamin","Sumber: 
                     
                        facebook.com
 Tanggal publish: 17/01/2021",https://cekfakta.com/focus/6121
198,"[SALAH] Jika Sudah Disuntik Vaksin Covid-19, Tidak Perlu Mematuhi Protokol Kesehatan","Sumber: 
                     
                        facebook.com
 Tanggal publish: 17/01/2021",https://cekfakta.com/focus/6117
199,"[SALAH] “Berita Terbaru Hari Ini ~ 48 Orang Te.was Setelah Di Vaksin Coro.na, Agenda Ja.hat Re.zim Terungkap!”","Sumber: 
                     
                        facebook.com
 Tanggal publish: 16/01/2021",https://cekfakta.com/focus/6113
200,[SALAH] Jokowi Kejang dan Meninggal Dunia setelah Disuntik Vaksin,"Sumber: 
                     
                        facebook.com
 Tanggal publish: 15/01/2021",https://cekfakta.com/focus/6096
201,[SALAH] Jokowi Menggunakan Vaksin Buatan Eropa,"Sumber: 
                     
                        facebook.com
 Tanggal publish: 14/01/2021",https://cekfakta.com/focus/6087
202,[SALAH] Obat Covid-19 dari Asap Batok Kelapa,"Sumber: 
                     
                        facebook.com
 Tanggal publish: 13/01/2021",https://cekfakta.com/focus/6083
203,[SALAH] Dokter dan Perawat di RS Purwakarta Tolak Disuntik Vaksin,"Sumber: 
                    Facebook                                             Tanggal publish: 13/01/2021",https://cekfakta.com/focus/6079
204,"[SALAH] Video “antri Pemakaman Covid-19 di Tegal Alur,JKT. Hidup antri, mau dikuburpun antri.”","Sumber: 
                     
                        facebook.com
 Tanggal publish: 13/01/2021",https://cekfakta.com/focus/6075
205,[SALAH] Hirup Uap Air Panas Dua Kali Sehari Dapat Menangkal Covid-19,"Sumber: 
                     
                        youtube.com
 Tanggal publish: 13/01/2021",https://cekfakta.com/focus/6074
206,[SALAH] Risma Joget Tanpa Menggunakan Masker,"Sumber: 
                     
                        facebook.com
 Tanggal publish: 13/01/2021",https://cekfakta.com/focus/6073
207,[SALAH] Tiongkok dan Luhut Pandjaitan Merencanakan Pembunuhan Massal Terhadap Pribumi dengan 40 Ribu Ton Alat Tes Covid-19,"Sumber: 
                     
                        facebook.com
 Tanggal publish: 12/01/2021",https://cekfakta.com/focus/6069
208,[SALAH] 21% Pasien Mengalami Efek Samping Setelah Memakai Vaksin Moderna,"Sumber: 
                     
                        facebook.com
 Tanggal publish: 12/01/2021",https://cekfakta.com/focus/6068
209,[SALAH] Setengah Karyawan BTC Pangkalpinang Positif Covid-19,"Sumber: 
                    whatsapp.com                                             Tanggal publish: 12/01/2021",https://cekfakta.com/focus/6067
210,[SALAH] Pesan Berantai Rekrutmen Relawan Untuk Merawat Pasien Covid 19 di Wisma Atlet Oleh Dokter Irna,"Sumber: 
                    whatsapp.com                                             Tanggal publish: 12/01/2021",https://cekfakta.com/focus/6066
211,[SALAH] Hanya 13 Ribu Orang di Britania Raya yang Terinfeksi Covid-19 pada Tahun 2020,"Sumber: 
                     
                        facebook.com
 Tanggal publish: 09/01/2021",https://cekfakta.com/focus/6041
212,[SALAH] Penerima Vaksin Perdana Meninggal Dunia Usai Disuntik Vaksin Pfizer,"Sumber: 
                     
                        facebook.com
 Tanggal publish: 09/01/2021",https://cekfakta.com/focus/6038
213,[SALAH] Vaksin Covid-19 dari China Musnahkan Penduduk Pribumi,"Sumber: 
                    Facebook                                             Tanggal publish: 08/01/2021",https://cekfakta.com/focus/6029
214,[SALAH] Pinjaman Dana Bantuan Covid-19 oleh Bupati Pasuruan Irsyad Yusuf,"Sumber: 
                     
                        facebook.com
 Tanggal publish: 08/01/2021",https://cekfakta.com/focus/6028
215,[SALAH] Hydro Oxy Mouth Freshener Spray Dapat Cegah dan Sembuhkan Virus Covid-19,"Sumber: 
                     
                        facebook.com
 Tanggal publish: 07/01/2021",https://cekfakta.com/focus/6024
216,[SALAH] Tulisan Najwa Shihab soal Covid-19,"Sumber: 
                    Facebook                                             Tanggal publish: 07/01/2021",https://cekfakta.com/focus/6021
217,"[SALAH] Vaksin Bermasalah dan Mengerikan, Disuntik Bisa Menjadi Sakit dan Sekarat","Sumber: 
                     
                        facebook.com
 Tanggal publish: 06/01/2021",https://cekfakta.com/focus/6017
218,[SALAH] “Vaksin Sinovac Covid-19 yang akan di suntikkan kepada warga hanya untuk kelinci percobaan”,"Sumber: 
                     
                        facebook.com
 Tanggal publish: 06/01/2021",https://cekfakta.com/focus/6009
219,[SALAH] Vaksin Sinovac Mengandung Sel Kera Hijau Afrika,"Sumber: 
                     
                        facebook.com
 Tanggal publish: 05/01/2021",https://cekfakta.com/focus/6003
220,[SALAH] Tulisan dr. Siti Fadillah terkait Pengobatan Covid-19,"Sumber: 
                    whatsapp.com                                             Tanggal publish: 05/01/2021",https://cekfakta.com/focus/6001
221,[SALAH] Artikel CNN “Seorang Dokter Merekomendasikan Vaksin Covid19 Disuntikkan di Alat Kelamin Pria,"Sumber: 
                    whatsapp.com                                             Tanggal publish: 05/01/2021",https://cekfakta.com/focus/5998
222,[SALAH] Resep Campuran Teh Hijau dan Lemon Untuk Atasi Covid-19,"Sumber: 
                     
                        facebook.com
 Tanggal publish: 05/01/2021",https://cekfakta.com/focus/5996
223,[SALAH] Minum Teh Batang Lada Bisa Sembuhkan Covid-19,"Sumber: 
                    Facebook                                             Tanggal publish: 04/01/2021",https://cekfakta.com/focus/5992
224,[SALAH] Sambal Bawang Bisa Cegah Covid19,"Sumber: 
                     
                        facebook.com
 Tanggal publish: 03/01/2021",https://cekfakta.com/focus/5984
225,[SALAH] Video Ribuan Jamaah Tanpa Masker Sambut Kedatangan Ustadz Abdul Somad di Tengah Pandemi Covid-19,"Sumber: 
                     
                        facebook.com
 Tanggal publish: 02/01/2021",https://cekfakta.com/focus/5981
226,[SALAH] Minum Teh Dengan Batang Lada Dapat Sembuhkan Covid-19,"Sumber: 
                     
                        facebook.com
 Tanggal publish: 02/01/2021",https://cekfakta.com/focus/5979
227,[SALAH] Istora Senayan Dijadikan Tempat Penampungan Pasien Covid-19,"Sumber: 
                     
                        facebook.com
 Tanggal publish: 01/01/2021",https://cekfakta.com/focus/5966
228,[SALAH] Bill Gates dan CEO Pfizer Menolak Disuntik Vaksin Covid-19,"Sumber: 
                    Facebook                                             Tanggal publish: 30/12/2020",https://cekfakta.com/focus/5945
229,[SALAH] Video Keadaan RS Covid Wisma Atlet,"Sumber: 
                     
                        twitter.com
 Tanggal publish: 30/12/2020",https://cekfakta.com/focus/5943
230,[SALAH] Video Petugas Medis Pakai Jarum Palsu Saat Vaksinasi,"Sumber: 
                    Facebook                                             Tanggal publish: 29/12/2020",https://cekfakta.com/focus/5941
231,[SALAH] Tiga Wanita Bintang Iklan Jamu Covid-19,"Sumber: 
                     
                        facebook.com
 Tanggal publish: 28/12/2020",https://cekfakta.com/focus/5928
232,[SALAH] Bupati Bojonegoro Dr. Hj. Anna Muawanah terpapar Covid-19,"Sumber: 
                    Whatsapp.com                                             Tanggal publish: 28/12/2020",https://cekfakta.com/focus/5917
233,[SALAH] “Jokowi hari ini tolak di suntik vaksin Covid-19 duluan”,"Sumber: 
                     
                        facebook.com
 Tanggal publish: 26/12/2020",https://cekfakta.com/focus/5911
234,[SALAH] Rekrutmen Kerja Staf Lab Vaksin oleh RSU Mulia Hati,"Sumber: 
                    facebook.com                                             Tanggal publish: 26/12/2020",https://cekfakta.com/focus/5906
235,[SALAH] “Rumah Sakit Di Lockdown Karena Pasien Vaksin Covid Pertama Mulai Makan Pasien Lain”,"Sumber: 
                     
                        facebook.com
 Tanggal publish: 25/12/2020",https://cekfakta.com/focus/5902
236,[SALAH] Vaksin Covid-19 Buatan Pfizer Berbentuk Vape,"Sumber: 
                     
                        facebook.com
 Tanggal publish: 24/12/2020",https://cekfakta.com/focus/5897
237,[SALAH] “Syarat Vaksin Gratis Jokowi: BPJS Kesehatan Anda Harus Aktif”,"Sumber: 
                     
                        facebook.com
 Tanggal publish: 23/12/2020",https://cekfakta.com/focus/5890
238,[SALAH] Relawan Alami Gangguan Saraf Setelah Disuntik Vaksin Sinovac,"Sumber: 
                     
                        facebook.com
 Tanggal publish: 23/12/2020",https://cekfakta.com/focus/5888
239,[SALAH] “Paus Fransiskus Mengatakan Vaksin Covid Sekarang Akan Diperlukan Untuk Masuk Surga”,"Sumber: 
                     
                        facebook.com
 Tanggal publish: 22/12/2020",https://cekfakta.com/focus/5882
240,[SALAH] Video Jarum Suntik Menghilang Saat Proses Vaksinasi Covid-19,"Sumber: 
                     
                        twitter.com
 Tanggal publish: 21/12/2020",https://cekfakta.com/focus/5881
241,[SALAH] Video Perawat Meninggal Dunia Usai Disuntik Vaksin Covid-19,"Sumber: 
                    WhatsApp                                             Tanggal publish: 21/12/2020",https://cekfakta.com/focus/5878
242,[SALAH] Jokowi Akan Menggunakan Vaksin Pfizer dan Vaksin Sinovac Untuk Masyarakat,"Sumber: 
                     
                        faceebook.com
 Tanggal publish: 21/12/2020",https://cekfakta.com/focus/5875
243,"[SALAH] Video Perawat Pingsan Setelah Mendapat Vaksin Covid-19, Potensi Genosida Massal","Sumber: 
                     
                        twitter.com
 Tanggal publish: 20/12/2020",https://cekfakta.com/focus/5867
244,[SALAH] Vaksin yang disimpan -80 Derajat Bukanlah Vaksin Melainkan Agen Transfeksi yang Dapat Memanipulasi Genetika Manusia,"Sumber: 
                     
                        facebook.com
 Tanggal publish: 18/12/2020",https://cekfakta.com/focus/5861
245,[SALAH] Singapura Membuka Vaccine Tourism dan Melakukan Vaksinasi di Bandara Changi,"Sumber: 
                     
                        facebook.com
 Tanggal publish: 18/12/2020",https://cekfakta.com/focus/5859
246,[SALAH] Foto “4 Orang Alami Kelumpuhan Wajah Setelah Disuntik Vaksin Corona”,"Sumber: 
                     
                        Instagram.com
 Tanggal publish: 17/12/2020",https://cekfakta.com/focus/5849
247,[SALAH] Kota Manado Zona Hitam Covid-19,"Sumber: 
                     
                        facebook.com
 Tanggal publish: 17/12/2020",https://cekfakta.com/focus/5844
248,[SALAH] Kandungan Formaldehida pada Vaksin Menyebabkan Leukimia pada Anak,"Sumber: 
                     
                        facebook.com
 Tanggal publish: 17/12/2020",https://cekfakta.com/focus/5843
249,[SALAH] “IDI tolak yg Pertama dpt Vaksin Sinovac China”,"Sumber: 
                     
                        facebook.com
 Tanggal publish: 15/12/2020",https://cekfakta.com/focus/5833
250,[SALAH] 44 Orang Tenaga Kesehatan Positif Covid di RS Tipe B Parepare,"Sumber: 
                    whatsapp.com                                             Tanggal publish: 15/12/2020",https://cekfakta.com/focus/5832
251,[SALAH] Singapura Lakukan Vaksinasi Covid-19 di Bandara Changi,"Sumber: 
                    WhatsApp                                             Tanggal publish: 15/12/2020",https://cekfakta.com/focus/5830
252,[SALAH] IDI Tolak Vaksinasi Covid-19,"Sumber: 
                    Facebook                                             Tanggal publish: 15/12/2020",https://cekfakta.com/focus/5829
253,[SALAH] Pesan Berantai Larangan ke Kota Malang Akibat Covid-19,"Sumber: 
                    WhatsApp                                             Tanggal publish: 14/12/2020",https://cekfakta.com/focus/5820
254,"[SALAH] Konsumsi Campuran Air Kelapa, Jeruk Nipis, Garam dan Madu Dapat Menyembuhkan Covid-19","Sumber: 
                    whatsapp.com                                             Tanggal publish: 13/12/2020",https://cekfakta.com/focus/5812
255,[SALAH] Satu RT di Ciracas Terkena Covid-19,"Sumber: 
                    whatsapp.com                                             Tanggal publish: 13/12/2020",https://cekfakta.com/focus/5811
256,[SALAH] Ketua Tim Peneliti Pfizer: Vaksin Covid-19 Dapat Menyebabkan Kemandulan bagi Perempuan,"Sumber: 
                     
                        facebook.com
 Tanggal publish: 12/12/2020",https://cekfakta.com/focus/5797
257,[SALAH] Telapak Kaki Relawan Melepuh Efek Samping Suntik Vaksin Covid-19,"Sumber: 
                     
                        twitter.com
 Tanggal publish: 12/12/2020",https://cekfakta.com/focus/5796
258,[SALAH] Jangan Datang ke Jalan Melong Cikawao karena Satu RT Positif Covid-19,"Sumber: 
                     
                        facebook.com
 Tanggal publish: 11/12/2020",https://cekfakta.com/focus/5785
259,[SALAH] Sidak Masker di Wilayah Kabupaten Jepara Hingga 31 Desember 2020,"Sumber: 
                     
                        facebook.com
 Tanggal publish: 10/12/2020",https://cekfakta.com/focus/5776
260,[SALAH] Minum Minyak Kayu Putih Melancarkan Napas Pasien Covid-19,"Sumber: 
                    Twitter                                             Tanggal publish: 10/12/2020",https://cekfakta.com/focus/5774
261,[SALAH] China Sembuh dari COVID-19 Tanpa Vaksin,"Sumber: 
                     
                        facebook.com
 Tanggal publish: 08/12/2020",https://cekfakta.com/focus/5742
262,[SALAH] Gratis Langganan Netflix Selama Satu Tahun karena Pandemi Covid-19,"Sumber: 
                    whatsapp.com                                             Tanggal publish: 07/12/2020",https://cekfakta.com/focus/5729
263,[SALAH] Kopi Bisa Cegah dan Sembuhkan Covid-19,"Sumber: 
                     
                        facebook.com
 Tanggal publish: 07/12/2020",https://cekfakta.com/focus/5724
264,"[SALAH] Foto Keadaan Rumah Sakit yang Sepi dari Pasien Covid-19 di Nevada, Amerika Serikat","Sumber: 
                     
                        twitter.com
 Tanggal publish: 04/12/2020",https://cekfakta.com/focus/5698
265,[SALAH] Kandungan Alumunium pada Vaksin Berbahaya bagi Otak,"Sumber: 
                     
                        facebook.com
 Tanggal publish: 02/12/2020",https://cekfakta.com/focus/5687
266,[SALAH] “Korea Selatan Kelabakan Lihat Warganya Meninggal Satu Persatu Usai Disuntik Vaksin”,"Sumber: 
                    whatsapp.com                                             Tanggal publish: 28/11/2020",https://cekfakta.com/focus/5651
267,[SALAH] Nike Bagi-Bagi Ribuan Sepatu dan Masker,"Sumber: 
                    WhatsApp                                             Tanggal publish: 30/11/2020",https://cekfakta.com/focus/5648
268,[SALAH] Vaksin Covid-19 berbasis mRNA Dapat Mengubah DNA Manusia,"Sumber: 
                     
                        twitter.com
 Tanggal publish: 28/11/2020",https://cekfakta.com/focus/5647
269,"[SALAH] Kebijakan Ticketmaster, Wajibkan Vaksin Covid-19 Sebelum Menghadiri Konser","Sumber: 
                     
                        twitter.com
 Tanggal publish: 27/11/2020",https://cekfakta.com/focus/5637
270,[SALAH] Video Keramaian Stasiun Kereta Api di India Selama Pandemi COVID-19,"Sumber: 
                     
                        facebook.com
 Tanggal publish: 26/11/2020",https://cekfakta.com/focus/5635
271,[SALAH] Video Pesan Terakhir Bupati Situbondo Sebelum Meninggal Akibat Covid-19,"Sumber: 
                    Facebook                                             Tanggal publish: 28/11/2020",https://cekfakta.com/focus/5625
272,[SALAH] Penyebab Flu Spanyol Adalah Bakteri dari Vaksin Meningitis,"Sumber: 
                    Facebook                                             Tanggal publish: 25/11/2020",https://cekfakta.com/focus/5621
273,[SALAH] Foto “Viral! Beredar Foto Anies Jenguk Rizieq yang Positif Covid-19”,"Sumber: 
                     
                        facebook.com
 Tanggal publish: 24/11/2020",https://cekfakta.com/focus/5616
274,[SALAH] Video Biden Merayakan Ulang Tahun Tanpa Masker,"Sumber: 
                     
                        twitter.com
 Tanggal publish: 24/11/2020",https://cekfakta.com/focus/5614
275,[SALAH] Informasi Ditlantas Polda Gelar Razia Masker Seluruh Wilayah Indonesia,"Sumber: 
                    Facebook                                             Tanggal publish: 24/11/2020",https://cekfakta.com/focus/5611
276,[SALAH] Razia Masker Serentak di Seluruh Wilayah Indonesia dengan Denda Rp250.000,"Sumber: 
                    whatsapp.com                                             Tanggal publish: 23/11/2020",https://cekfakta.com/focus/5607
277,"[SALAH] “Akibat Suntik Vaksin dari Cina , Masyarakat Zimbabwe Terkena Penyakit Kulit Ber Air.”","Sumber: 
                     
                        facebook.com
 Tanggal publish: 20/11/2020",https://cekfakta.com/focus/5593
278,[SALAH] Foto Suasana Vaksinasi Covid-19 di Peru,"Sumber: 
                    Facebook                                             Tanggal publish: 19/11/2020",https://cekfakta.com/focus/5581
279,[SALAH] Menggunakan Masker Sebabkan Infeksi Staph,"Sumber: 
                     
                        Facebook.com
 Tanggal publish: 18/11/2020",https://cekfakta.com/focus/5579
280,[SALAH] Pepaya dan Kambing di Tanzania Positif Covid-19,"Sumber: 
                    Facebook                                             Tanggal publish: 17/11/2020",https://cekfakta.com/focus/5569
281,[SALAH] Covid-19 Bisa Sembuh Hanya Pakai Obat Kumur,"Sumber: 
                    TikTok                                             Tanggal publish: 16/11/2020",https://cekfakta.com/focus/5561
282,[SALAH] Luhut Positif Covid-19 dan Dilarikan ke RS Militer,"Sumber: 
                     
                        facebook.com
 Tanggal publish: 11/11/2020",https://cekfakta.com/focus/5507
283,[SALAH] 48 Orang di Korea Selatan Meninggal Setelah Disuntik Vaksin COVID-19,"Sumber: 
                     
                        facebook.com
 Tanggal publish: 09/11/2020",https://cekfakta.com/focus/5500
284,[SALAH] Kisah Dokter yang Kekasihnya Positif Covid-19 di Italia,"Sumber: 
                     
                        facebook.com
 Tanggal publish: 09/11/2020",https://cekfakta.com/focus/5494
285,[SALAH] Video Penangkapan Ketua Aliansi Dokter Sedunia Penyebar Hoaks Covid-19,"Sumber: 
                     
                        Facebook
 Tanggal publish: 04/11/2020",https://cekfakta.com/focus/5448
286,[SALAH] BPOM Halangi Vaksin yang akan Diberikan,"Sumber: 
                     
                        facebook.com
 Tanggal publish: 03/11/2020",https://cekfakta.com/focus/5445
287,[SALAH] Petinggi WHO Terpapar Covid-19,"Sumber: 
                     
                        Facebook
 Tanggal publish: 03/11/2020",https://cekfakta.com/focus/5438
288,[SALAH] Pemerintah Berikan Bantuan Internet Gratis Selama Pandemi Covid-19,"Sumber: 
                    whatsapp.com                                             Tanggal publish: 02/11/2020",https://cekfakta.com/focus/5434
289,[SALAH] Memakai Masker Menyebabkan Kanker,"Sumber: 
                     
                        facebook.com
 Tanggal publish: 12/10/2020",https://cekfakta.com/focus/5408
290,[SALAH] Kawasan Johor Baru Malaysia Terdampak Ekonomi Pandemi Covid-19,"Sumber: 
                     
                        facebook.com
 Tanggal publish: 27/10/2020",https://cekfakta.com/focus/5368
291,[SALAH] Pandemi Telah Berakhir dan Covid-19 Adalah Flu Biasa,"Sumber: 
                    whatsapp.com                                             Tanggal publish: 25/10/2020",https://cekfakta.com/focus/5359
292,[SALAH] “Pendataan Imunisasi Covid-19 untuk Tenaga Medis dan Non Medis oleh Dinas Kesehatan Provinsi DKI Jakarta”,"Sumber: 
                    whatsapp.com                                             Tanggal publish: 23/10/2020",https://cekfakta.com/focus/5343
293,[SALAH] Jenazah Pasien Covid-19 Dikubur Masih Pakai Daster dan Tidak Sesuai Syariat Fardhu Kifayah Islam,"Sumber: 
                     
                        facebook.com
 Tanggal publish: 20/10/2020",https://cekfakta.com/focus/5313
294,[SALAH] Vaksin COVID-19 Dapat Mengubah DNA Manusia,"Sumber: 
                     
                        facebook.com
 Tanggal publish: 19/10/2020",https://cekfakta.com/focus/5299
295,[SALAH] Memakai Masker Dapat Menyebabkan Kematian Akibat Keracunan Karbon Dioksida (CO2),"Sumber: 
                     
                        facebook.com
 Tanggal publish: 18/10/2020",https://cekfakta.com/focus/5295
296,[SALAH] MUI Larang Penggunaan Vaksin Covid-19 yang Didatangkan dari Tiongkok,"Sumber: 
                     
                        facebook.com
 Tanggal publish: 16/10/2020",https://cekfakta.com/focus/5266
297,[SALAH] Harga Vaksin di Indonesia 1000% Lebih Mahal Daripada di Brazil,"Sumber: 
                     
                        facebook.com
 Tanggal publish: 15/10/2020",https://cekfakta.com/focus/5252
298,[SALAH] Foto Dokter Menyatakan COVID-19 Disebarkan Melalui Vaksin,"Sumber: 
                     
                        instagram.com
 Tanggal publish: 14/10/2020",https://cekfakta.com/focus/5235
299,[SALAH] Foto Bakteri di Dalam Masker Setelah 20 Menit Pemakaian,"Sumber: 
                     
                        facebook.com
 Tanggal publish: 08/10/2020",https://cekfakta.com/focus/5223
300,[SALAH] Pengumuman Beasiswa Covid-19 Rp4 Juta dari STMIK Royal Kisaran Melalui SMS,"Sumber: 
                    Pesan berantai                                             Tanggal publish: 08/10/2020",https://cekfakta.com/focus/5220
301,"[SALAH] “Emil Saat Diambil Darah untuk Uji Vaksin China, tutup jarumnya belum di buka”","Sumber: 
                     
                        facebook.com
 Tanggal publish: 03/10/2020",https://cekfakta.com/focus/5170
302,[SALAH] Dua Orang Pria Meninggal Dunia Akibat Kekerasan Polisi Saat Aksi Protes Anti-Vaksin dan Anti-Masker di London,"Sumber: 
                     
                        facebook.com
 Tanggal publish: 28/09/2020",https://cekfakta.com/focus/5127
303,[SALAH] “Arief Puyouno: Saya Yakin Dana Penanggulangan Covid-19 di DKI Banyak Penyimpangan Karena Gabenernya Adalah Kaki Tangan Kadrun Gila”,"Sumber: 
                     
                        facebook.com
 Tanggal publish: 28/09/2020",https://cekfakta.com/focus/5123
304,"[SALAH] Santri yang Hidupnya di Pondok Dicurigai Terpapar Covid-19, Yang Keluyuran di Mall Dibiarin Aja","Sumber: 
                     
                        facebook.com
 Tanggal publish: 04/06/2020",https://cekfakta.com/focus/5091
305,[SALAH] Sultan HB X Sebut Positif-Negatif Covid-19 Sama Saja Karena Semua Orang Pasti Meninggal,"Sumber: 
                    whatsapp.com                                             Tanggal publish: 25/09/2020",https://cekfakta.com/focus/5084
306,"[SALAH] Adidas Tawarkan 3100 Sepatu Gratis, T-shirt, dan Masker sebagai Perayaan Hari Jadi Adidas","Sumber: 
                    whatsapp.com                                             Tanggal publish: 24/09/2020",https://cekfakta.com/focus/5078
307,[SALAH] Akun Facebook Bupati Bekasi Meminta Sumbangan Dana Covid-19,"Sumber: 
                    facebook.com                                             Tanggal publish: 23/09/2020",https://cekfakta.com/focus/5068
308,[SALAH] Kunyah Daun Sirih Untuk Mengatasi Covid-19,"Sumber: 
                    whatsapp.com                                             Tanggal publish: 23/09/2020",https://cekfakta.com/focus/5065
309,[SALAH] SPK Tender Pengadaan Barang di Masa Pandemi oleh BPPBJ,"Sumber: 
                    surat                                             Tanggal publish: 23/09/2020",https://cekfakta.com/focus/5064
310,[SALAH] “Daun Mimba Dapat Menyembuhkan Covid-19”,"Sumber: 
                     
                        facebook.com
 Tanggal publish: 23/09/2020",https://cekfakta.com/focus/5063
311,[SALAH] Razia Masker Non Medis dengan Denda Rp30 Ribu di Bundaran SMP 5 Malang,"Sumber: 
                     
                        facebook.com
 Tanggal publish: 22/09/2020",https://cekfakta.com/focus/5053
312,[SALAH] “Minum Kopi 3 x Sehari untuk menangkal Covid-19”,"Sumber: 
                    whatsapp.com                                             Tanggal publish: 21/09/2020",https://cekfakta.com/focus/5045
313,[SALAH] Tutorial Mendapat Kuota Gratis 20GB dari Program Covid-19,"Sumber: 
                     
                        facebook.com
 Tanggal publish: 20/09/2020",https://cekfakta.com/focus/5036
314,[SALAH] Pelarangan Masker Scuba Politik Perusahaan,"Sumber: 
                     
                        facebook.com
 Tanggal publish: 20/09/2020",https://cekfakta.com/focus/5031
315,[SALAH] 200 Mayat Korban Covid-19 Sekali Kubur di Italia,"Sumber: 
                     
                        facebook.com
 Tanggal publish: 18/09/2020",https://cekfakta.com/focus/5023
316,"[SALAH] Selama Covid19 Ada, Tidak ada Orang Gila Yang Kena Covid19","Sumber: 
                     
                        facebook.com
 Tanggal publish: 15/09/2020",https://cekfakta.com/focus/5004
317,[SALAH] Pembagian Masker Gratis Dicampur Bius,"Sumber: 
                    Whatsapp.com                                             Tanggal publish: 15/09/2020",https://cekfakta.com/focus/5000
318,[SALAH] Video Teknik Menahan Napas Untuk Deteksi Covid-19,"Sumber: 
                    WhatsApp.com                                             Tanggal publish: 14/09/2020",https://cekfakta.com/focus/4998
319,[SALAH] Foto Gubernur Anies Memegang Piagam Bertuliskan “PENGHARGAAN Provinsi Jumlah Covid 19 Tertinggi”,"Sumber: 
                     
                        facebook.com
 Tanggal publish: 10/09/2020",https://cekfakta.com/focus/4976
320,[SALAH] Covid-19 Singkatan dari Certificate of Vaccination Identification with Artificial Intelligence,"Sumber: 
                     
                        facebook.com
 Tanggal publish: 05/09/2020",https://cekfakta.com/focus/4939
321,[SALAH] Pesan Berantai “Salah Satu Cara Untuk Menangkis Virus Covid-19 Dengan Air Garam dan Air Hangat”,"Sumber: 
                    whatsapp.com                                             Tanggal publish: 05/09/2020",https://cekfakta.com/focus/4934
322,Samsung ingin membantu siswa yang membutuhkan ponsel untuk belajar karena pandemi Covid19,"Sumber: 
                     
                        facebook.com
 Tanggal publish: 03/09/2020",https://cekfakta.com/focus/4914
323,[SALAH] Ivermectin Obat Covid-19,"Sumber: 
                     
                        facebook.com
 Tanggal publish: 01/09/2020",https://cekfakta.com/focus/4893
324,[SALAH] Peta Sebaran Covid-19 Wilayah Situbondo,"Sumber: 
                    flyer                                             Tanggal publish: 24/04/2020",https://cekfakta.com/focus/4889
325,[SALAH] Semua Pasien Positif Covid-19 di Padang Dinyatakan Sembuh,"Sumber: 
                     
                        facebook.com
 Tanggal publish: 22/04/2020",https://cekfakta.com/focus/4885
326,[SALAH] RSUD Waluyo Jati Ditutup Karena Semua Petugas Diisolasi Akibat Covid-19,"Sumber: 
                    whatsapp.com                                             Tanggal publish: 20/04/2020",https://cekfakta.com/focus/4882
327,"[SALAH] “FBI menggrebek sinagoge Yahudi di New York, tempat orang Yahudi menyembunyikan ribuan Masker”","Sumber: 
                     
                        facebook.com
 Tanggal publish: 18/04/2020",https://cekfakta.com/focus/4878
328,[SALAH] Pasien Berstatus Positif Covid-19 di Wilayah Tiban Melarikan Diri,"Sumber: 
                    whatsapp.com                                             Tanggal publish: 11/04/2020",https://cekfakta.com/focus/4865
329,[SALAH] “Bansos PSBB Covid-19 dari Pemda DKI Jakarta Paket sembako senilai 350rb + uang tunai 150rb = 500rb rupiah”,"Sumber: 
                     
                        facebook.com
 Tanggal publish: 10/04/2020",https://cekfakta.com/focus/4864
330,[SALAH] Kumpulan Mobil di Pool Grab Cinere karena Sopir Tidak Sanggup Bayar Kredit Saat Covid-19,"Sumber: 
                     
                        twitter.com
 Tanggal publish: 10/04/2020",https://cekfakta.com/focus/4861
331,[SALAH] “Tidak ada sama sekali Ucapan bela sungkawa Presiden kepada dr dan team medis yg berguguran dimedan Covid-19”,"Sumber: 
                     
                        facebook.com
 Tanggal publish: 09/04/2020",https://cekfakta.com/focus/4859
332,[SALAH] Masker dapat Menyebabkan Infeksi Staph,"Sumber: 
                     
                        facebook.com
 Tanggal publish: 31/08/2020",https://cekfakta.com/focus/4857
333,[SALAH] Foto “Italia. Tidak ada lagi ruang yang tersedia di rumah sakit. #CoronavirusLockdown”,"Sumber: 
                     
                        twitter.com
 Tanggal publish: 28/03/2020",https://cekfakta.com/focus/4843
334,[SALAH] Arahan Gubernur DKI Terkait Himbauan Covid-19,"Sumber: 
                    whatsapp.com                                             Tanggal publish: 12/03/2020",https://cekfakta.com/focus/4826
335,[SALAH] Beberapa Negara Membuang Jenazah Pasien Covid-19 Ke Laut,"Sumber: 
                     
                        twitter.com
 Tanggal publish: 26/04/2020",https://cekfakta.com/focus/4819
336,[SALAH] Daniel Radcliffe Positiv Terinfeksi Corona Covid-19,"Sumber: 
                    twitter.com                                             Tanggal publish: 12/03/2020",https://cekfakta.com/focus/4817
337,[SALAH] Bantuan Covid-19 oleh BRI Melalui BRIVA,"Sumber: 
                    media sosial                                             Tanggal publish: 31/08/2020",https://cekfakta.com/focus/4812
338,"[SALAH] Akibat Pandemi COVID-19, Keluarga Beberapa Hari Tidak Makan","Sumber: 
                     
                        Instagram.com
 Tanggal publish: 28/04/2020",https://cekfakta.com/focus/4811
339,[SALAH] Razia Masker Serentak Dengan Denda Rp250.000 di Wilayah Kabupaten dan Kota Bandung,"Sumber: 
                    whatsapp.com                                             Tanggal publish: 31/08/2020",https://cekfakta.com/focus/4809
340,[SALAH] “Paus Fransiskus dan dua pembantunya dinyatakan positif mengidap Coronavirus”,"Sumber: 
                     
                        facebook.com
 Tanggal publish: 01/03/2020",https://cekfakta.com/focus/4800
341,"[SALAH] Dijemput oleh Tim Medis, Kakak Beradik Usia 8 dan 4 Tahun di Tangerang Terjangkit Covid-19 akibat Main di Luar Rumah","Sumber: 
                     
                        facebook.com
 Tanggal publish: 01/05/2020",https://cekfakta.com/focus/4796
342,[SALAH] Akun Palsu “Bupati Pasuruan Minta Penggalangan Dana Covid-19”,"Sumber: 
                    facebook.com                                             Tanggal publish: 03/05/2020",https://cekfakta.com/focus/4776
343,"[SALAH] Tidak Memakai Masker, Pengendara Motor dan Mobil Didenda Rp 5 Juta atau Kurungan Penjara Dua Minggu","Sumber: 
                    whatsapp.com                                             Tanggal publish: 05/05/2020",https://cekfakta.com/focus/4771
344,"[SALAH] Golden Swalayan Jadi Klaster Baru Covid-19, Warga Wajib Lapor RT Jika Ingin Berkunjung","Sumber: 
                    whatsapp.com                                             Tanggal publish: 19/05/2020",https://cekfakta.com/focus/4766
345,[SALAH] Vaksin Covid Sebabkan Mandul,"Sumber: 
                     
                        twitter.com
 Tanggal publish: 30/08/2020",https://cekfakta.com/focus/4758
346,[SALAH] Dokumen WHO Tidak Menganjurkan untuk Memakai Masker Selama Pandemi COVID-19,"Sumber: 
                     
                        facebook.com
 Tanggal publish: 30/08/2020",https://cekfakta.com/focus/4757
347,[SALAH] Hukuman Masuk Peti Mati Karena Tidak Pakai Masker,"Sumber: 
                    whatsapp.com                                             Tanggal publish: 29/08/2020",https://cekfakta.com/focus/4751
348,[SALAH] Sekeluarga Terinfeksi Covid-19 Setelah Menghadiri Acara Ulang Tahun,"Sumber: 
                     
                        facebook.com
 Tanggal publish: 22/05/2020",https://cekfakta.com/focus/4735
349,[SALAH] “Pemerintah Takkan Umumkan Lagi Kasus Positif Covid-19”,"Sumber: 
                     
                        artikel
 Tanggal publish: 18/05/2020",https://cekfakta.com/focus/4700
350,[SALAH] Putri Vladimir Putin Meninggal Setelah Dosis Kedua Vaksin COVID,"Sumber: 
                     
                        laman daring
 Tanggal publish: 20/08/2020",https://cekfakta.com/focus/4679
351,[SALAH] “Tangkapan Layar Pengakuan Relawan Suntik Vaksin Covid-19 yang Menyebut Lupa Punya Hutang tapi Plonga-Plongo”,"Sumber: 
                     
                        facebook.com
 Tanggal publish: 18/08/2020",https://cekfakta.com/focus/4662
352,[SALAH] Pemakaian Masker Menyebabkan Penyakit Legionnaires,"Sumber: 
                     
                        facebook.com
 Tanggal publish: 17/08/2020",https://cekfakta.com/focus/4651
353,[SALAH] Video Rusia Jadi Pemenang Pembuatan Vaksin C19,"Sumber: 
                     
                        twitter.com
 Tanggal publish: 16/08/2020",https://cekfakta.com/focus/4640
354,"[SALAH] Air Kelapa Muda, Jeruk Nipis, dan Garam Obat Covid-19","Sumber: 
                    whatsapp.com                                             Tanggal publish: 16/08/2020",https://cekfakta.com/focus/4635
355,"[SALAH] Foto “Putri Presiden Rusia Vladimir Putin, Orang Pertama yang Sudah Divaksin Dengan Vaksin Tim Kedokteran Rusia”","Sumber: 
                     
                        facebook.com
 Tanggal publish: 15/08/2020",https://cekfakta.com/focus/4630
356,"[SALAH] “Gunakan Bagian Putih Masker Di Luar Saat Tidak Sakit, Gunakan Bagian Biru Masker Di Luar Saat Sakit”","Sumber: 
                     
                        facebook.com
 Tanggal publish: 14/08/2020",https://cekfakta.com/focus/4626
357,[SALAH] Tenaga Medis China Didatangkan Untuk Membantu Menangani Covid-19 di Indonesia,"Sumber: 
                    whatsapp.com                                             Tanggal publish: 27/03/2020",https://cekfakta.com/focus/4620
358,[SALAH] Memakai Masker Dapat Timbulkan Radang Selaput Dada,"Sumber: 
                     
                        facebook.com
 Tanggal publish: 12/08/2020",https://cekfakta.com/focus/4611
359,[SALAH] Kanada Sudah Terbebas dari Covid-19,"Sumber: 
                     
                        facebook.com
 Tanggal publish: 11/08/2020",https://cekfakta.com/focus/4598
360,[SALAH] Pesan Berantai Kantor Pusat PT Kawan Lama Ditutup Karena Salah Satu Direksi Meninggal dan 10 Orang Karyawan Terpapar Covid-19,"Sumber: 
                    whatsapp.com                                             Tanggal publish: 10/08/2020",https://cekfakta.com/focus/4592
361,[SALAH] Pedagang di Pasar Mayestik Meninggal Karena Covid-19,"Sumber: 
                    whatsapp.com                                             Tanggal publish: 07/08/2020",https://cekfakta.com/focus/4572
362,"[SALAH] “99, 9% Tingkat Kesembuhan Covid dan vaksin dengan tingkat efek merugikan 80%”","Sumber: 
                     
                        facebook.com
 Tanggal publish: 07/08/2020",https://cekfakta.com/focus/4570
363,[SALAH] Foto Presiden Jokowi Bersama Pelawak di Istana Negara Dikaitkan dengan Covid-19,"Sumber: 
                     
                        twitter.com
 Tanggal publish: 04/08/2020",https://cekfakta.com/focus/4542
364,"[SALAH] “Adidas menawarkan 3100 Sepatu Gratis, T-shirt dan Masker”","Sumber: 
                    whatsapp.com                                             Tanggal publish: 02/08/2020",https://cekfakta.com/focus/4525
365,[SALAH] Tangkapan Layar Berita “RK Ajak ABU JANDA Jadi Relawan Uji Vaksin COVID-19 Buatan China”,"Sumber: 
                     
                        facebook.com
 Tanggal publish: 02/08/2020",https://cekfakta.com/focus/4523
366,[SALAH] Jus Jahe dan Lada Hitam Mampu Sembuhkan Covid-19,"Sumber: 
                     
                        facebook.com
 Tanggal publish: 02/08/2020",https://cekfakta.com/focus/4522
367,"[SALAH] “Nih yang bikin Covid, si jagoan Wall Street (Rockefeller Foundation)”","Sumber: 
                     
                        facebook.com
 Tanggal publish: 01/08/2020",https://cekfakta.com/focus/4509
368,[SALAH] Transmart Ditutup Selama 10 Hari Karena Belasan Orang Terpapar Covid-19,"Sumber: 
                    whatsapp.com                                             Tanggal publish: 01/08/2020",https://cekfakta.com/focus/4508
369,[SALAH] China Lakukan Uji Coba Vaksin di Indonesia Karena Kekurangan Monyet,"Sumber: 
                     
                        facebook.com
 Tanggal publish: 30/07/2020",https://cekfakta.com/focus/4505
370,[SALAH] Gambar “Pengujian Vaksin Covid-19 Telah Sukses”,"Sumber: 
                     
                        facebook.com
 Tanggal publish: 29/07/2020",https://cekfakta.com/focus/4500
371,[SALAH] Jokowi Mendapat Silver Button Karena Mencapai 100.000 Kasus Covid,"Sumber: 
                     
                        twitter.com
 Tanggal publish: 29/07/2020",https://cekfakta.com/focus/4495
372,"[SALAH] “KASAD klarifikasi, anggota TNI di bandung ternyata rata2 membantah Positif kena Covid 19”","Sumber: 
                     
                        facebook.com
 Tanggal publish: 29/07/2020",https://cekfakta.com/focus/4489
373,[SALAH] Beberapa Dampak Negatif dari Menggunakan Masker,"Sumber: 
                     
                        facebook.com
 Tanggal publish: 25/07/2020",https://cekfakta.com/focus/4444
374,[SALAH] Daftar Perlengkapan Medis di Rumah Untuk Hadapi Covid-19,"Sumber: 
                    whatsapp.com                                             Tanggal publish: 24/07/2020",https://cekfakta.com/focus/4432
375,[SALAH] Foto Terakhir Dokter Hadio Berdiri Di Depan Pagar Temui Anak Sebelum Meninggal Karena Covid-19,"Sumber: 
                    whatsapp.com                                             Tanggal publish: 24/03/2020",https://cekfakta.com/focus/4419
376,"[SALAH] 71 Pasien Covid-19 Klaster Hajatan Boyolali Dijemput Petugas, Biaya Dibebankan ke Pemilik Hajatan","Sumber: 
                    Whatsapp.com                                             Tanggal publish: 22/07/2020",https://cekfakta.com/focus/4407
377,[SALAH] Kondisi Jenazah Korban Covid-19 Di Rumah Sakit Osmania India,"Sumber: 
                     
                        facebook.com
 Tanggal publish: 22/07/2020",https://cekfakta.com/focus/4399
378,"[SALAH] “Takut Dibunuh, Ahli Virus China Kabur ke AS: Saya Bersaksi Covid-19 Hasil Persekongkolan Jahat”","Sumber: 
                     
                        Artikel
 Tanggal publish: 21/07/2020",https://cekfakta.com/focus/4395
379,[SALAH] Pesan Berantai Adidas Berikan Masker,"Sumber: 
                    whatsapp.com                                             Tanggal publish: 19/07/2020",https://cekfakta.com/focus/4380
380,[SALAH] Covid-19 Tidak Murni Sebabkan Kematian,"Sumber: 
                     
                        facebook.com
 Tanggal publish: 17/07/2020",https://cekfakta.com/focus/4373
381,[SALAH] Beberapa RSUD Di Jakarta dan Depok Ditutup Karena Karyawan Positif Covid-19,"Sumber: 
                    whatsapp.com                                             Tanggal publish: 16/07/2020",https://cekfakta.com/focus/4363
382,[SALAH] Pedagang di Pasar Segiri Positif Covid-19,"Sumber: 
                     
                        facebook.com
 Tanggal publish: 13/07/2020",https://cekfakta.com/focus/4333
383,[SALAH] Nasi Padang Menjadi Sumber Penularan Covid-19,"Sumber: 
                    whatsapp.com                                             Tanggal publish: 13/07/2020",https://cekfakta.com/focus/4326
384,[SALAH] “Video pembuangan jenazah-jenazah korban Covid-19 di laut Meksiko”,"Sumber: 
                     
                        facebook.com
 Tanggal publish: 13/07/2020",https://cekfakta.com/focus/4317
385,[SALAH] “Dirut RSUI bersama 2 Direktur RSUI lainnya dan 10 staff RSUI saat ini dirawat di RSUI terkena Covid”,"Sumber: 
                    whatsapp.com                                             Tanggal publish: 07/07/2020",https://cekfakta.com/focus/4288
386,[SALAH] Desain Helm Covid-19 Pada Kompetisi NFL,"Sumber: 
                     
                        twitter.com
 Tanggal publish: 03/07/2020",https://cekfakta.com/focus/4249
387,[SALAH] Foto Kondisi Tenggorokan Pasien Positif Covid-19,"Sumber: 
                     
                        facebook.com
 Tanggal publish: 29/06/2020",https://cekfakta.com/focus/4204
388,[SALAH] Pesta Homo Seksual di Italia Sebelum Covid-19 Mewabah,"Sumber: 
                     
                        facebook.com
 Tanggal publish: 28/06/2020",https://cekfakta.com/focus/4194
389,"[SALAH] Petugas Rapid Test Jarang Mengganti Sarung Tangan, Bisa Tularkan Covid-19 dari Pasien Sebelumnya","Sumber: 
                    whatsapp.com                                             Tanggal publish: 27/06/2020",https://cekfakta.com/focus/4190
390,[SALAH] Pria Meninggal Jantungnya Kekurangan Oksigen Karena Menggunakan Masker,"Sumber: 
                    whatsapp.com                                             Tanggal publish: 27/06/2020",https://cekfakta.com/focus/4188
391,"[SALAH] Tak Perlu Ikut Rapid Test, Mencium Bau Cuka Bisa Deteksi Seseorang Terkena Covid-19 Atau Tidak","Sumber: 
                     
                        artikel
 Tanggal publish: 26/06/2020",https://cekfakta.com/focus/4175
392,"[SALAH] Ruang Perawatan Covid di Riau Penuh, Warga Wajib di Rumah Selama Dua Minggu","Sumber: 
                    whatsapp.com                                             Tanggal publish: 26/06/2020",https://cekfakta.com/focus/4173
393,[SALAH] “Heboh! Pernyataan Dokter Indonesia Soal Covid”,"Sumber: 
                     
                        facebook.com
 Tanggal publish: 25/06/2020",https://cekfakta.com/focus/4165
394,"[SALAH] Peta Kasus Covid DKI “DKI kembali Zona Merah, Bogor Zona Hitam”","Sumber: 
                     
                        facebook.com
 Tanggal publish: 24/06/2020",https://cekfakta.com/focus/4160
395,[SALAH] Dokter RSAL Surabaya Meninggal akibat Covid-19,"Sumber: 
                     
                        facebook.com
 Tanggal publish: 23/06/2020",https://cekfakta.com/focus/4148
396,[SALAH] Denda Rp250 Ribu Saat Razia Masker Tanggal 22 Juni 2020,"Sumber: 
                    whatsapp.com                                             Tanggal publish: 22/06/2020",https://cekfakta.com/focus/4134
397,[SALAH] Servis Mobil Gratis “Suzuki Peduli Covid s.id/SuzukiPeduliCovid”,"Sumber: 
                     
                        situs dan whatsapp.com
 Tanggal publish: 17/06/2020",https://cekfakta.com/focus/4095
398,[SALAH] Petinju Manny Pacman Bagi-bagi Hadiah Saat Pandemi,"Sumber: 
                    facebook.com                                             Tanggal publish: 17/06/2020",https://cekfakta.com/focus/4091
399,"[SALAH] Bapak Ibu Meninggal Karena Covid-19, 5 Bersaudara Menunggu Diadopsi","Sumber: 
                    facebook.com                                             Tanggal publish: 17/06/2020",https://cekfakta.com/focus/4082
400,[SALAH] Seorang Pesepeda Meninggal Di Monas Akibat Kehabisan Oksigen Karena Memakai Masker,"Sumber: 
                    whatsapp.com                                             Tanggal publish: 03/06/2020",https://cekfakta.com/focus/4047
401,[SALAH] Pasien Covid-19 di Cimahi Kabur Dari Rumah Sakit,"Sumber: 
                     
                        facebook.com
 Tanggal publish: 02/06/2020",https://cekfakta.com/focus/4037
402,[SALAH] “Hari ini 2 kasir Chandra karang dinyatakan positive Covid 19”,"Sumber: 
                    Sosial Media                                             Tanggal publish: 29/05/2020",https://cekfakta.com/focus/4013
403,[SALAH] Voucher Dua Pizza Besar Domino’s Pizza Selama Masa Pandemi Corona,"Sumber: 
                    whatsapp.com                                             Tanggal publish: 25/05/2020",https://cekfakta.com/focus/4001
404,[SALAH] “WHO: Pria berpenis besar lebih rentan tertular Covid-19”,"Sumber: 
                     
                        facebook.com
 Tanggal publish: 22/05/2020",https://cekfakta.com/focus/3997
405,[SALAH] “Registrasi Ambil Dana Bantuan Anda Covid-19”,"Sumber: 
                     
                        Sosial Media
 Tanggal publish: 19/05/2020",https://cekfakta.com/focus/3988
406,[SALAH] Manager Giant Pal 6 Banjarmasin Meninggal Kena Covid-19,"Sumber: 
                     
                        whatsapp.com & facebook.com
 Tanggal publish: 19/05/2020",https://cekfakta.com/focus/3983
407,[SALAH] Pasien Covid-19 Meninggal di Rumah Sakit Manaf Kota Jambi,"Sumber: 
                    whatsapp.com                                             Tanggal publish: 18/05/2020",https://cekfakta.com/focus/3979
408,"[SALAH] “15 Hari Sembuh, Menhub Budi Karya Kembali Dinyatakan Positif Covid-19”","Sumber: 
                     
                        Sosial Media
 Tanggal publish: 18/05/2020",https://cekfakta.com/focus/3978
409,[SALAH] 236 Anggota Polisi Positif Covid-19 dan 6 Orang Meninggal Dunia,"Sumber: 
                    Sosial Media                                             Tanggal publish: 18/05/2020",https://cekfakta.com/focus/3971
410,[SALAH] Lowongan Sukarelawan Covid-19 RSUD Dr. Soetomo Surabaya,"Sumber: 
                     
                        facebook.com
 Tanggal publish: 17/05/2020",https://cekfakta.com/focus/3967
411,[SALAH] WHO Menyebutkan Vegetarian Tidak Kena Covid-19,"Sumber: 
                     
                        facebook.com
 Tanggal publish: 16/05/2020",https://cekfakta.com/focus/3966
412,[SALAH] Ulama Windusari Dijemput Paksa Terkait Covid-19,"Sumber: 
                     
                        facebook.com
 Tanggal publish: 13/05/2020",https://cekfakta.com/focus/3941
413,[SALAH] Tidak Menggunakan Masker Denda Rp300 Ribu di Semarang,"Sumber: 
                    whatsapp.com                                             Tanggal publish: 13/05/2020",https://cekfakta.com/focus/3940
414,[SALAH] “Vaksin pertama kali dibuat di bawah kekhalifahan Ottoman. Tahun 1717”,"Sumber: 
                     
                        Facebook
 Tanggal publish: 13/05/2020",https://cekfakta.com/focus/3938
415,[SALAH] Virus Covid-19 Sengaja Dimasukkan kedalam Tubuh Masyarakat Melalui Alat Rapid Test,"Sumber: 
                     
                        Sosial Media
 Tanggal publish: 12/05/2020",https://cekfakta.com/focus/3935
416,[SALAH] Donasi Bahan Iftar dan Sahur di Masa Wabah Covid-19 oleh PKS,"Sumber: 
                    Sosial Media                                             Tanggal publish: 12/05/2020",https://cekfakta.com/focus/3930
417,[SALAH] Kuota 100GB Gratis dari Pemerintah Selama Pandemi Covid-19,"Sumber: 
                    www.whatsapp.com                                             Tanggal publish: 12/05/2020",https://cekfakta.com/focus/3922
418,[SALAH] “Ternyata Klaster penyebar Covid-19 terbanyak Indonesia adalah 10.000 lebih pendeta GBI & GPIB”,"Sumber: 
                     
                        Sosial Media
 Tanggal publish: 12/05/2020",https://cekfakta.com/focus/3920
419,[SALAH] Seorang Kakek di Tulungagung Meninggal Karena Covid-19,"Sumber: 
                    www.whatsapp.com                                             Tanggal publish: 12/05/2020",https://cekfakta.com/focus/3912
420,[SALAH] “Setelah adanya Virus Covid-19. Umat Islam Arab banyak yg Murtad”,"Sumber: 
                    Sosial Media                                             Tanggal publish: 12/05/2020",https://cekfakta.com/focus/3909
421,[SALAH] “Tenaga Medis Covid-19 RSUD Purworejo Ditagih Biaya Rp. 150 Ribu/Malam Oleh Pemkab Karena Telah Tinggal Di Hotel Ganesha”,"Sumber: 
                     
                        Media Online
 Tanggal publish: 08/05/2020",https://cekfakta.com/focus/3908
422,[SALAH] Satgas Covid-19 Kabupaten Pangkep Semprot Jemaah Shalat Tarawih di Masjid,"Sumber: 
                    Sosial Media                                             Tanggal publish: 07/05/2020",https://cekfakta.com/focus/3907
423,[SALAH] ”Seorang Pasien Dalam Pengawasan Covid-19 (PDP) Mengamuk di Pintu Rumah sakit Pamekasan Madura”,"Sumber: 
                     
                        facebook.com
 Tanggal publish: 11/05/2020",https://cekfakta.com/focus/3903
424,[SALAH] “Jokowi: Hukuman Seumur Hidup Bagi Kepala Daerah Mainkan Bantuan Covid-19”,"Sumber: 
                     
                        facebook.com
 Tanggal publish: 06/05/2020",https://cekfakta.com/focus/3894
425,[SALAH] Puisi Tahun 1919 Soal Pandemi Karya Kathleen O’Mara,"Sumber: 
                     
                        facebook.com
 Tanggal publish: 05/05/2020",https://cekfakta.com/focus/3891
426,[SALAH] Video “cara pertolongan Emergency Covid 19”,"Sumber: 
                     
                        facebook.com
 Tanggal publish: 03/05/2020",https://cekfakta.com/focus/3886
427,[SALAH] “Jutaan Produksi Rokok Yang Terpapar Covid-19 Beredar Luas Di Masyarakat”,"Sumber: 
                     
                        facebook.com
 Tanggal publish: 02/05/2020",https://cekfakta.com/focus/3884
428,[SALAH] Vietnam Tidak Ada Korban Meninggal Covid-19 Karena Teh dan Lemon,"Sumber: 
                    whatsapp.com                                             Tanggal publish: 02/05/2020",https://cekfakta.com/focus/3883
429,[SALAH] Erdogan Tak akan Tutup Mesjid di Turki Selama Pandemi Covid-19,"Sumber: 
                     
                        Sosial Media
 Tanggal publish: 09/04/2020",https://cekfakta.com/focus/3879
430,"[SALAH] SBY Siap Kembalikan Dana Bank Century Rp6,7 Triliun untuk Bantu Covid-19","Sumber: 
                    Sosial Media                                             Tanggal publish: 29/04/2020",https://cekfakta.com/focus/3872
431,"[SALAH] “Apabila ada masyarakat tidak mampu makan, dapat menghubungi nomor pengaduan Bansos Covid19 Kemensos”","Sumber: 
                     
                        Sosial Media
 Tanggal publish: 29/04/2020",https://cekfakta.com/focus/3871
432,[SALAH] Bioskop di Palangka Raya Kembali Buka di Tengah Persebaran Covid-19,"Sumber: 
                    Sosial Media                                             Tanggal publish: 29/04/2020",https://cekfakta.com/focus/3866
433,"[SALAH] Karena Pandemi COVID-19, yang Seharusnya Dibebaskan Narapidana Pencuri Ayam, Bukan malah Terpidana Koruptor","Sumber: 
                     
                        facebook.com
 Tanggal publish: 27/04/2020",https://cekfakta.com/focus/3858
434,[SALAH] Foto “Ariel NOAH Jadi Relawan Tenaga Medis di tengah pandemi virus corona atau Covid-19”,"Sumber: 
                     
                        Sosial Media
 Tanggal publish: 16/04/2020",https://cekfakta.com/focus/3841
435,[SALAH] “ujar Xi Jin Ping Hanya Indonesia Yg Mampu Mengendalikan Covid 19”,"Sumber: 
                     
                        Sosial Media
 Tanggal publish: 16/04/2020",https://cekfakta.com/focus/3835
436,[SALAH] Menag Izinkan Masjid Gelar Salat Tarawih Saat Pandemi Covid-19,"Sumber: 
                     
                        facebook.com
 Tanggal publish: 08/04/2020",https://cekfakta.com/focus/3820
437,[SALAH] Video “Donald Trump di ruqyah sebab sudah stress menghadapi Covid 19”,"Sumber: 
                     
                        Sosial Media
 Tanggal publish: 06/04/2020",https://cekfakta.com/focus/3813
438,[BERITA] Pasien positif Covid -19 di RST Latumeten Ambon masih dalam perawatan,"Sumber: 
                     
                        Sosial Media
 Tanggal publish: 06/04/2020",https://cekfakta.com/focus/3809
439,[SALAH] Menaruh Amoxilin Dalam Tandon Air Dapat Menangkal Covid-19,"Sumber: 
                     
                        Sosial Media
 Tanggal publish: 04/04/2020",https://cekfakta.com/focus/3787
440,[SALAH] Mulai Senin 30 Maret Kota Makassar lockdown lokal untuk mencegah penyebaran Covid-19.,"Sumber: 
                    whatsapp.com                                             Tanggal publish: 30/03/2020",https://cekfakta.com/focus/3765
441,[SALAH] “Ganja Mampu Menangkal Covid-19”,"Sumber: 
                     
                        twitter.com, dan laman daring
 Tanggal publish: 20/03/2020",https://cekfakta.com/focus/3717
442,[SALAH] Donald Trump Umumkan Roche Medical Company akan Meluncurkan Vaksin Covid19 Jutaan Dosis Minggu Depan,"Sumber: 
                    Sosial Media                                             Tanggal publish: 19/03/2020",https://cekfakta.com/focus/3706
443,[SALAH] “Coronavirus akan hancur dengan air”,"Sumber: 
                     
                        Sosial Media
 Tanggal publish: 19/03/2020",https://cekfakta.com/focus/3701
444,[SALAH] Foto “1 korban dlm pengawasan Covid-19 di RS wahidin mks setelah bersalaman dgn Menhub Budi Karya”,"Sumber: 
                     
                        Sosial Media
 Tanggal publish: 18/03/2020",https://cekfakta.com/focus/3696
445,[SALAH] “China Akui Dokter Palestina Penemu Vaksin Corona yang Terbukti Ampuh 100 Persen”,"Sumber: 
                     
                        Media Online
 Tanggal publish: 17/03/2020",https://cekfakta.com/focus/3684
446,[SALAH] “Alkohol Bisa Membunuh Coronavirus Covid-19”,"Sumber: 
                     
                        Sosial Media
 Tanggal publish: 17/03/2020",https://cekfakta.com/focus/3680
447,"[SALAH] “Pandemi Corona, Anies Baswedan : Universitas di Jakarta Diliburkan, Kecuali Universitas Pancasila”","Sumber: 
                    whatsapp.com                                             Tanggal publish: 17/03/2020",https://cekfakta.com/focus/3670
448,[BERITA] Kemendagri Bantah Tito Karnavian Terjangkit Covid-19,"Sumber: 
                     
                        Media Online
 Tanggal publish: 16/03/2020",https://cekfakta.com/focus/3659
449,"[SALAH] “jangan ke Kokas dulu ya, mall di lockdown karena salah satu staff diatas ada yang suspect Covid-19”","Sumber: 
                    www.whatsapp.com                                             Tanggal publish: 16/03/2020",https://cekfakta.com/focus/3658
450,[SALAH] Kokain Membunuh Coronavirus,"Sumber: 
                     
                        twitter.com
 Tanggal publish: 13/03/2020",https://cekfakta.com/focus/3649
451,"[SALAH] “WHO : Merokok, Salah satu solusi pencegahan Covid-19.”","Sumber: 
                     
                        Sosial Media
 Tanggal publish: 10/03/2020",https://cekfakta.com/focus/3641
452,[SALAH] Tisu Basah Bisa Jadi Alternatif Menyiasati Kelangkaan Masker,"Sumber: 
                     
                        instagram.com
 Tanggal publish: 04/03/2020",https://cekfakta.com/focus/3630
453,[SALAH] Coronavirus Memiliki Paten,"Sumber: 
                     
                        facebook.com
 Tanggal publish: 29/01/2020",https://cekfakta.com/focus/3565
454,[SALAH] Vaksin Penyebab Autis,"Sumber: 
                     
                        facebook.com
 Tanggal publish: 24/01/2020",https://cekfakta.com/focus/3549
